;;;;;;;;;;;;x,,,,,,,;;;;;;;;;;;;;;;;;
urban_sociology;Urban Sociology;;;;;;;;;;;;x;;;;;;;;;;;;;;;;
;;;;;;;;;;;;;;;;;;;;;;;;;;;;;
bigelow_power_loom;Bigelow Power Loom;;;;;;;;;;;;x,,,,,,,;;;;;;;;;;;;;;;;
bigelow_power_looms_desc;The Bigelow Power Loom is a machine capable to double carpet production.;;;;;;;;;;;;x,,,,,;;;;;;;;;;;;;;;;
land_mines_tactics;Land Mines Tactics;;;;;;;;;;;;x,,,,,,,;;;;;;;;;;;;;;;;
land_mines_tactics_desc;A land mine is an explosive device concealed under or on the ground and designed to destroy or disable enemy targets.;;;;;;;;;;;;x,,,,,;;;;;;;;;;;;;;;;
anti_tank_mines;Anti-Tank Mines;;;;;;;;;;;;x,,,,,,,;;;;;;;;;;;;;;;;
anti_tank_mines_desc;An anti-tank mine is a type of land mine designed to damage or destroy vehicles including tanks.;;;;;;;;;;;;x,,,,,;;;;;;;;;;;;;;;;
land_mines_defence;Land Mines Defence;;;;;;;;;;;;x,,,,,,,;;;;;;;;;;;;;;;;
land_mines_defence_desc;Widespreas use of land mine make up for an excellent defence against enemies.;;;;;;;;;;;;x,,,,,;;;;;;;;;;;;;;;;
dragons_teeth;Dragon's Teeth;;;;;;;;;;;;x,,,,,,,;;;;;;;;;;;;;;;;
dragons_teeth_desc;Dragon's teeth are square-pyramidal fortifications of reinforced concrete used to impede the movement of tanks and mechanised infantry.;;;;;;;;;;;;x,,,,,;;;;;;;;;;;;;;;;
partially_motorized_units;Partially Motorized Units;;;;;;;;;;;;x,,,,,,,;;;;;;;;;;;;;;;;
partially_motorized_units_desc;With technological advances in armor, and the coming of automobiles, units that use these technologies have become increasingly more common place, ready to assume their role on the battlefield.;;;;;;;;;;;;x,,,,,;;;;;;;;;;;;;;;;
partially_mechanized_units;Partially Mechanized Units;;;;;;;;;;;;x,,,,,,,;;;;;;;;;;;;;;;;
partially_mechanized_units_desc;Mechanized units are distinguished from motorized infantry in that its vehicles provide a degree of armor protection and armament for use in combat.;;;;;;;;;;;;x,,,,,;;;;;;;;;;;;;;;;
largely_motorized_units;Largely Motorized Units;;;;;;;;;;;;x,,,,,,,;;;;;;;;;;;;;;;;
largely_motorized_units_desc;Motorized units become a standard, making their benefits even greater.;;;;;;;;;;;;x,,,,,;;;;;;;;;;;;;;;;
largely_mechanized_units;Largely Mechanized Units;;;;;;;;;;;;x,,,,,,,;;;;;;;;;;;;;;;;
largely_mechanized_units_desc;Mechanized units become a standard, making their benefits even greater.;;;;;;;;;;;;x,,,,,;;;;;;;;;;;;;;;;
anti_tank_rifle;Anti-Tank Rifle;;;;;;;;;;;;x,,,,,,,;;;;;;;;;;;;;;;;
anti_tank_rifle_desc;An anti-tank rifle is an anti-materiel rifle designed to penetrate the armor of armored fighting vehicles.;;;;;;;;;;;;x,,,,,;;;;;;;;;;;;;;;;
rocket_anti_tank_weapons;Advanced Anti-Tank Weapons;;;;;;;;;;;;x,,,,,,,;;;;;;;;;;;;;;;;
rocket_anti_tank_weapons_desc;As armour becomes thicker on newer tank models, newwe weapons, such as the Bazooka, PIAT, and Panzerfaust, allow a more effective attack against armor from a distance.;;;;;;;;;;;;x,,,,,;;;;;;;;;;;;;;;;
sperimental_multiple_rocket_launcher;Sperimental Multiple Rocket Launcher;;;;;;;;;;;;x,,,,,,,;;;;;;;;;;;;;;;;
sperimental_multiple_rocket_launcher_desc;A multiple rocket launcher is a type of rocket artillery system that contains multiple launchers which are fixed to a single platform, and shoots its rocket ordnance in a fashion similar to a volley gun. The first experiments on this new type of weapon reach the battlefield.;;;;;;;;;;;;x,,,,,;;;;;;;;;;;;;;;;
early_multiple_rocket_launcher;Early Multiple Rocket Launcher;;;;;;;;;;;;x,,,,,,,;;;;;;;;;;;;;;;;
early_multiple_rocket_launcher_desc;After the first experiments, multiple rocket launchers start to become more powerfull.;;;;;;;;;;;;x,,,,,;;;;;;;;;;;;;;;;
advanced_multiple_rocket_launcher;Advanced Multiple Rocket Launcher;;;;;;;;;;;;x,,,,,,,;;;;;;;;;;;;;;;;
advanced_multiple_rocket_launcher_desc;Multiple rocket launchers have become very advanced.;;;;;;;;;;;;x,,,,,;;;;;;;;;;;;;;;;
early_radar_warning_system;Early Radar Warning System;;;;;;;;;;;;x,,,,,,,;;;;;;;;;;;;;;;;
early_radar_warning_system_desc;The development of an early radar warning system provides a new way to track enemy attack formations.;;;;;;;;;;;;x,,,,,;;;;;;;;;;;;;;;;
army_air_support;Army Air Support;;;;;;;;;;;;x,,,,,,,;;;;;;;;;;;;;;;;
army_air_support_desc;Airplanes are used more and more to support ground armies.;;;;;;;;;;;;x,,,,,;;;;;;;;;;;;;;;;
advanced_radar_warning_system;Advanced Radar Warning System;;;;;;;;;;;;x,,,,,,,;;;;;;;;;;;;;;;;
advanced_radar_warning_system_desc;Radar warning systems become more and more precise.;;;;;;;;;;;;x,,,,,;;;;;;;;;;;;;;;;
rocket_armed_airplanes;Rocket Armed Airplanes;;;;;;;;;;;;x,,,,,,,;;;;;;;;;;;;;;;;
rocket_armed_airplanes_desc;Rocket weapons start to be used on military airplanes.;;;;;;;;;;;;x,,,,,;;;;;;;;;;;;;;;;
long_range_heavy_bombers;Long-Range Heavy Bombers;;;;;;;;;;;;x,,,,,,,;;;;;;;;;;;;;;;;
long_range_heavy_bombers_desc;Large long-range heavy bombers cause great damage to the enemy's war effort and substantial casualties.;;;;;;;;;;;;x,,,,,;;;;;;;;;;;;;;;;
experimental_jet_fighters;Experimental Jet Fighters;;;;;;;;;;;;x,,,,,,,;;;;;;;;;;;;;;;;
experimental_jet_fighters_desc;First experimental jet engines are mounted non airplanes.;;;;;;;;;;;;x,,,,,;;;;;;;;;;;;;;;;
first_generation_jet_fighters;First-Generation Jet Fighters;;;;;;;;;;;;x,,,,,,,;;;;;;;;;;;;;;;;
first_generation_jet_fighters_desc;The first generation of jet fighters is compleetely developed.;;;;;;;;;;;;x,,,,,;;;;;;;;;;;;;;;;
second_generation_jet_fighters;Second-Generation Jet Fighters;;;;;;;;;;;;x,,,,,,,;;;;;;;;;;;;;;;;
second_generation_jet_fighters_desc;The second generation of jet fighters is developed.;;;;;;;;;;;;x,,,,,;;;;;;;;;;;;;;;;
third_generation_jet_fighters;Third-Generation Jet Fighters;;;;;;;;;;;;x,,,,,,,;;;;;;;;;;;;;;;;
third_generation_jet_fighters_desc;The third generation of jet fighters is developed.;;;;;;;;;;;;x,,,,,;;;;;;;;;;;;;;;;
speculative_fire;Speculative Fire;;;;;;;;;;;;x,,,,,,,;;;;;;;;;;;;;;;;
speculative_fire_desc;Reconnaissance by fire (recon by fire), also known as speculative fire, is a warfare tactic used in which military forces may fire on likely enemy positions to provoke a reaction, which confirms the presence and the position of enemy forces.;;;;;;;;;;;;x,,,,,;;;;;;;;;;;;;;;;
blitzkrieg;Blitzkrieg;;;;;;;;;;;;x,,,,,,,;;;;;;;;;;;;;;;;
blitzkrieg_desc;Blitzkrieg is a surprise attack using a rapid, overwhelming force concentration that may consist of armored and motorized or mechanized infantry formations, together with close air support, that has the intent to break through the opponent's lines of defense, then dislocate the defenders, unbalance the enemy by making it difficult to respond to the continuously changing front, and defeat them in a decisive battle of annihilation.;;;;;;;;;;;;x,,,,,;;;;;;;;;;;;;;;;
modern_marines;Modern Marines;;;;;;;;;;;;x,,,,,,,;;;;;;;;;;;;;;;;
modern_marines_desc;Marines, or naval infantry, are typically a military force trained to operate in littoral zones in support of naval operations.;;;;;;;;;;;;x,,,,,;;;;;;;;;;;;;;;;
paratroopers;Paratroopers;;;;;;;;;;;;x,,,,,,,;;;;;;;;;;;;;;;;
paratroopers_desc;Paratroopers are military parachutists, trained to parachute into a military operation, and usually functioning as part of an airborne force.;;;;;;;;;;;;x,,,,,;;;;;;;;;;;;;;;;
helicopter_support;Helicopter Support;;;;;;;;;;;;x,,,,,,,;;;;;;;;;;;;;;;;
helicopter_support_desc;Helicopters begin to be used to support land armies.;;;;;;;;;;;;x,,,,,;;;;;;;;;;;;;;;;
aerial_envelopment;Aerial Envelopment;;;;;;;;;;;;x,,,,,,,;;;;;;;;;;;;;;;;
aerial_envelopment_desc;Envelopment is the military tactic of seizing objectives in the enemy's rear with the goal of destroying specific enemy forces and denying them the ability to withdraw. Using helicopters, that envelopment can be based on air attacks.;;;;;;;;;;;;x,,,,,;;;;;;;;;;;;;;;;
supertankers;Supertankers;;;;;;;;;;;;x,,,,,,,;;;;;;;;;;;;;;;;
supertankers_desc;Forced to move oil for longer distances, shipowners realize that bigger tankers are the key to more efficient transport.;;;;;;;;;;;;x,,,,,;;;;;;;;;;;;;;;;
global_fleet_coordination;Global Fleet Coordination;;;;;;;;;;;;x,,,,,,,;;;;;;;;;;;;;;;;
global_fleet_coordination_desc;Coordination on a global level becomes more and more efficient.;;;;;;;;;;;;x,,,,,;;;;;;;;;;;;;;;;
converted_carriers;Converted Carriers;;;;;;;;;;;;x,,,,,,,;;;;;;;;;;;;;;;;
converted_carriers_desc;Early carriers converted from existing hulls and supported by military aviation provide a first, limited naval air capability during the interwar transition.;;;;;;;;;;;;x,,,,,;;;;;;;;;;;;;;;;
fleet_aircraft_carriers;Fleet Aircraft Carriers;;;;;;;;;;;;x,,,,,,,;;;;;;;;;;;;;;;;
fleet_aircraft_carriers_desc;Purpose-built fleet carriers mature naval aviation into an operational core of modern task forces.;;;;;;;;;;;;x,,,,,;;;;;;;;;;;;;;;;
supercarriers;Supercarriers;;;;;;;;;;;;x,,,,,,,;;;;;;;;;;;;;;;;
supercarriers_desc;Aircraft carriers consistently grow in size, both in length and displacement, as well as improved capabilities.;;;;;;;;;;;;x,,,,,;;;;;;;;;;;;;;;;
advanced_supercarriers;Advanced Supercarriers;;;;;;;;;;;;x,,,,,,,;;;;;;;;;;;;;;;;
advanced_supercarriers_desc;Supercarriers are even bigger and more complex than before.;;;;;;;;;;;;x,,,,,;;;;;;;;;;;;;;;;
monstrous_supercarriers;Monstrous Supercarriers;;;;;;;;;;;;x,,,,,,,;;;;;;;;;;;;;;;;
monstrous_supercarriers_desc;Supercarriers ha reached monstruous dimensions.;;;;;;;;;;;;x,,,,,;;;;;;;;;;;;;;;;
welded_hulls;Welded Hulls;;;;;;;;;;;;x,,,,,,,;;;;;;;;;;;;;;;;
welded_hulls_desc;Innovations in ship contruction lead to the use of welded rather than riveted hulls.;;;;;;;;;;;;x,,,,,;;;;;;;;;;;;;;;;
rocket_launching_ships;Rocket Launching Ships;;;;;;;;;;;;x,,,,,,,;;;;;;;;;;;;;;;;
rocket_launching_ships_desc;Rocket weapons become common on ilitary ships.;;;;;;;;;;;;x,,,,,;;;;;;;;;;;;;;;;
advanced_rocket_launching_ships;Advanced Rocket Launching Ships;;;;;;;;;;;;x,,,,,,,;;;;;;;;;;;;;;;;
advanced_rocket_launching_ships_desc;Rocket weapons on ships become more and more advanced.;;;;;;;;;;;;x,,,,,;;;;;;;;;;;;;;;;
nuclear_powered_ships;Nuclear Powered Ships;;;;;;;;;;;;x,,,,,,,;;;;;;;;;;;;;;;;
nuclear_powered_ships_desc;Nuclear marine propulsion breaks in the military navies, making ships and submarines capable to travel faster and for longer periods of time.;;;;;;;;;;;;x,,,,,;;;;;;;;;;;;;;;;
widespread_sonar_use;Widespread Sonar Use;;;;;;;;;;;;x,,,,,,,;;;;;;;;;;;;;;;;
widespread_sonar_use_desc;Driven by the desperate necessity of detecting and destroing submarines, the use of SONAR becomes widespread.;;;;;;;;;;;;x,,,,,;;;;;;;;;;;;;;;;
advanced_widespread_sonar_use;Advanced Widespread Sonar Use;;;;;;;;;;;;x,,,,,,,;;;;;;;;;;;;;;;;
advanced_widespread_sonar_use_desc;Sonar technology used on ships becomes more and more sophisticated.;;;;;;;;;;;;x,,,,,;;;;;;;;;;;;;;;;
early_naval_radar_use;Early Naval Radar Use;;;;;;;;;;;;x,,,,,,,;;;;;;;;;;;;;;;;
early_naval_radar_use_desc;Radar is used by navies to detect planes and ships that are entering the nation’s coastal zone and to detect objects that pass by their naval vessels.;;;;;;;;;;;;x,,,,,;;;;;;;;;;;;;;;;
widespread_radio_use;Widespread Radio Use;;;;;;;;;;;;x,,,,,,,;;;;;;;;;;;;;;;;
widespread_radio_use_desc;Radio has become a vital part in communicating messages in naval war contexts.;;;;;;;;;;;;x,,,,,;;;;;;;;;;;;;;;;
advanced_naval_radar_use;Advanced Naval Radar Use;;;;;;;;;;;;x,,,,,,,;;;;;;;;;;;;;;;;
advanced_naval_radar_use_desc;With the advancments in radar technology, navies are able to plan out strategies to know where enemy ships are before planning out attacks as well as knowing when enemies are coming to attack their vessels.;;;;;;;;;;;;x,,,,,;;;;;;;;;;;;;;;;
wolfpack_tactic;Wolfpack Tactic;;;;;;;;;;;;x,,,,,,,;;;;;;;;;;;;;;;;
wolfpack_tactic_desc;The wolfpack was a convoy attack tactic used principally by submarines in coordinated assaults.;;;;;;;;;;;;x,,,,,;;;;;;;;;;;;;;;;
self_propelled_torpedoes;Self-Propelled Torpedoes;;;;;;;;;;;;x,,,,,,,;;;;;;;;;;;;;;;;
self_propelled_torpedoes_desc;Improved torpedo engines allow submarines to strike with greater range and reliability.;;;;;;;;;;;;x,,,,,;;;;;;;;;;;;;;;;
torpedo_gyroscope;Torpedo Gyroscope;;;;;;;;;;;;x,,,,,,,;;;;;;;;;;;;;;;;
torpedo_gyroscope_desc;Gyroscopic control keeps torpedoes on a steadier course, improving hit probability.;;;;;;;;;;;;x,,,,,;;;;;;;;;;;;;;;;
the_imf;The IMF;;;;;;;;;;;;x,,,,,,,;;;;;;;;;;;;;;;;
the_imf_desc;The International Monetary Fund (IMF) is an international organization of most of the worlds countries, working to foster global monetary cooperation, secure financial stability, facilitate international trade, promote high employment and sustainable economic growth, and reduce poverty around the world. The organization was formed in 1944 at the Bretton Woods Conference and formally created in 1945 by 29 member countries.;;;;;;;;;;;;x,,,,,;;;;;;;;;;;;;;;;
the_comecon;The Comecon;;;;;;;;;;;;x,,,,,,,;;;;;;;;;;;;;;;;
the_comecon_desc;The Council for Mutual Economic Assistance was an economic organization under the leadership of the Soviet Union that comprised the countries of the Eastern Bloc along with a number of socialist states elsewhere in the world. The descriptive term was often applied to all multilateral activities involving members of the organization, rather than being restricted to the direct functions of Comecon and its organs. This usage was sometimes extended as well to bilateral relations among members, because in the system of socialist international economic relations, multilateral accords — typically of a general nature — tended to be implemented through a set of more detailed, bilateral agreements.;;;;;;;;;;;;x,,,,,;;;;;;;;;;;;;;;;
world_bank;World Bank;;;;;;;;;;;;x,,,,,,,;;;;;;;;;;;;;;;;
world_bank_desc;The World Bank is a United Nations international financial institution that provides loans to developing countries for capital programs.;;;;;;;;;;;;x,,,,,;;;;;;;;;;;;;;;;
IBRD;IBRD;;;;;;;;;;;;x,,,,,,,;;;;;;;;;;;;;;;;
IBRD_desc;The IBRD was established with the original mission of financing the reconstruction efforts of war-torn European nations following World War II, with goals shared by the later Marshall Plan. Throughout the remainder of the 1940s and 1950s, the Bank financed projects seeking to dam rivers, generate electricity, and improve access to water and sanitation. At the time of its creation, the IBRD was the only Multilateral Development Bank.;;;;;;;;;;;;x,,,,,;;;;;;;;;;;;;;;;
IDA;IDA;;;;;;;;;;;;x,,,,,,,;;;;;;;;;;;;;;;;
IDA_desc;The International Development Association is an international financial institution which offers concessional loans and grants to the world's poorest developing countries. It was established in 1960 to complement the existing International Bank for Reconstruction and Development by lending to developing countries which suffer from the lowest gross national income, from troubled creditworthiness, or from the lowest per capita income.;;;;;;;;;;;;x,,,,,;;;;;;;;;;;;;;;;
reserve_transparency;Reserve Transparency;;;;;;;;;;;;x,,,,,,,;;;;;;;;;;;;;;;;
reserve_transparency_desc;Transparency in bank's reserves means more trust when lending money. ;;;;;;;;;;;;x,,,,,;;;;;;;;;;;;;;;;
banking_commerce_separation;Glass Steagall;;;;;;;;;;;;x,,,,,,,;;;;;;;;;;;;;;;;
banking_commerce_separation_desc;"The separation of investment and retail banking aims to protect the ""utility"" aspects of day-to-day banking from being endangered by losses sustained by higher-risk investment activities (""casino banking""). This can take the form of a two-tier structure in which a company is banned from doing both activities, or enforcing a legal ring-fence between two divisions of a company. The Glass steagall legislation of 1933 restricted affilations between banks and security firms.";;;;;;;;;;;;x,,,,,;;;;;;;;;;;;;;;;
insurance_companies;Insurance Companies;;;;;;;;;;;;x,,,,,,,;;;;;;;;;;;;;;;;
insurance_companies_desc;The creation of companies selling insurances made business simpler and safer. Also families took advantage of new intellectual products as home insurances etc.;;;;;;;;;;;;x,,,,,;;;;;;;;;;;;;;;;
end_of_pound_sterling;End of Pound Sterling as world currency;;;;;;;;;;;;x,,,,,,,;;;;;;;;;;;;;;;;
end_of_pound_sterling_desc;The United Kingdom's pound sterling was the primary reserve currency of much of the world in the 19th century and first half of the 20th century. That status ended when the UK almost bankrupted itself fighting World War I and World War II and its place was taken by the United States dollar.;;;;;;;;;;;;x,,,,,;;;;;;;;;;;;;;;;
interwar_experience;Interwar Experience;;;;;;;;;;;;x,,,,,,,;;;;;;;;;;;;;;;;
interwar_experience_desc;During the interwar period and specially during WW2, there were significant efforts to mobilize the nations resources , with a level of goverment intervention never seen before.;;;;;;;;;;;;x,,,,,;;;;;;;;;;;;;;;;
anchored_dollar_standard;Anchored Dollar Standard;;;;;;;;;;;;x,,,,,,,;;;;;;;;;;;;;;;;
anchored_dollar_standard_desc;The anchor currency is a strong, internationally-traded currency, and the value and stability of the local currency is directly linked to the value and stability of the foreign anchor currency.;;;;;;;;;;;;x,,,,,;;;;;;;;;;;;;;;;
decimal_monetary_system;Decimal Monetary System;;;;;;;;;;;;x,,,,,,,;;;;;;;;;;;;;;;;
decimal_monetary_system_desc;By abolishing non-standardized and strange divisions of the currency like guineas and shillings, and only having a decimal system such as the one in the United States (1 US Dollar = 100 cent), the everyday usage of money was simplified.;;;;;;;;;;;;x,,,,,;;;;;;;;;;;;;;;;
bancor;Bancor;;;;;;;;;;;;x,,,,,,,;;;;;;;;;;;;;;;;
bancor_desc;"The bancor was a supranational currency that John Maynard Keynes and E. F. Schumacher conceptualised in the years 1940–1942 and which the United Kingdom proposed to introduce after World War II. The name was inspired by the French banque or (""bank gold""). This newly created supranational currency would then be used in international trade as a unit of account within a multilateral clearing system—the International Clearing Union—which would also have to be founded.";;;;;;;;;;;;x,,,,,;;;;;;;;;;;;;;;;
monetary_interdependance;International currency markets;;;;;;;;;;;;x,,,,,,,;;;;;;;;;;;;;;;;
monetary_interdependance_desc;With the bretton woods system, it also came the internationalization of banking once again with the emergence of international banking consortia. Since 1964 various banks had formed international syndicates, and by 1971 over three quarters of the world's largest banks had become shareholders in such syndicates. Multinational banks can and do make huge international transfers of capital not only for investment purposes but also for hedging and speculating against exchange rate fluctuations.;;;;;;;;;;;;x,,,,,;;;;;;;;;;;;;;;;
hirofumi_uzawa;Hirofumi Uzawa;;;;;;;;;;;;x,,,,,,,;;;;;;;;;;;;;;;;
hirofumi_uzawa_desc;Hirofumi Uzawa initiated the field of mathematical economics in postwar days and formulated the growth theory of neoclassical economics. This is reflected in the Uzawa–Lucas model, the Uzawa iteration, the Uzawa condition, and Uzawa's Theorem, among others.;;;;;;;;;;;;x,,,,,;;;;;;;;;;;;;;;;
robert_solow;Robert Solow;;;;;;;;;;;;x,,,,,,,;;;;;;;;;;;;;;;;
robert_solow_desc;Robert Solow is an American economist whose work on the theory of economic growth culminated in the exogenous growth model named after him. He was awarded the Nobel Memorial Prize in Economic Sciences in 1987.;;;;;;;;;;;;x,,,,,;;;;;;;;;;;;;;;;
nicholas_kaldor;Nicholas Kaldor;;;;;;;;;;;;x,,,,,,,;;;;;;;;;;;;;;;;
nicholas_kaldor_desc;Nicholas Kaldor was a Cambridge economist in the post-war period. He developed the criteria called Kaldor–Hicks efficiency for welfare comparisons, derived the cobweb model related to prices, and argued for certain regularities observable in economic growth called Kaldor's growth laws.;;;;;;;;;;;;x,,,,,;;;;;;;;;;;;;;;;
piero_sraffa;Piero Sraffa;;;;;;;;;;;;x,,,,,,,;;;;;;;;;;;;;;;;
piero_sraffa_desc;Piero Sraffa was an influential Italian economist who served as lecturer of economics at the University of Cambridge. His book Production of Commodities by Means of Commodities is taken as founding the neo-Ricardian school of economics.;;;;;;;;;;;;x,,,,,;;;;;;;;;;;;;;;;
harrod_domar_model;Harrod-Domar Model;;;;;;;;;;;;x,,,,,,,;;;;;;;;;;;;;;;;
harrod_domar_model_desc;The Harrod–Domar model is a Keynesian model of economic growth. It is used in development economics to explain an economy's growth rate in terms of the level of saving and of capital. It suggests that there is no natural reason for an economy to have balanced growth.;;;;;;;;;;;;x,,,,,;;;;;;;;;;;;;;;;
kenneth_arrow;Kenneth Arrow;;;;;;;;;;;;x,,,,,,,;;;;;;;;;;;;;;;;
kenneth_arrow_desc;"Kenneth Joseph Arrow's most significant works are his contributions to social choice theory, notably ""Arrow's impossibility theorem"", and his work on general equilibrium analysis.";;;;;;;;;;;;x,,,,,;;;;;;;;;;;;;;;;
joan_robinson;Joan Robinson;;;;;;;;;;;;x,,,,,,,;;;;;;;;;;;;;;;;
joan_robinson_desc;Joan Violet Robinson was a British economist well known for her wide-ranging contributions to economic theory. She was a central figure in what became known as post-Keynesian economics.;;;;;;;;;;;;x,,,,,;;;;;;;;;;;;;;;;
solow_swan_model;Solow-Swan Model;;;;;;;;;;;;x,,,,,,,;;;;;;;;;;;;;;;;
solow_swan_model_desc;The Solow–Swan model is an economic model of long-run economic growth set within the framework of neoclassical economics. It attempts to explain long-run economic growth by looking at capital accumulation, labor or population growth, and increases in productivity, commonly referred to as technological progress.;;;;;;;;;;;;x,,,,,;;;;;;;;;;;;;;;;
cambrigde_controversy;Cambrigde Controversy;;;;;;;;;;;;x,,,,,,,;;;;;;;;;;;;;;;;
cambrigde_controversy_desc;The Cambridge capital controversy was a dispute between proponents of two differing theoretical and mathematical positions in economics that started in the 1950s and lasted well into the 1960s. The debate concerned the nature and role of capital goods and a critique of the neoclassical vision of aggregate production and distribution.;;;;;;;;;;;;x,,,,,;;;;;;;;;;;;;;;;
post_war_consensus;Post-War Consensus;;;;;;;;;;;;x,,,,,,,;;;;;;;;;;;;;;;;
post_war_consensus_desc;The post-war consensus was the economic order and social model of which the major political parties in post-war Britain shared a consensus supporting view, from the end of World War II in 1945 to the late-1970s.;;;;;;;;;;;;x,,,,,;;;;;;;;;;;;;;;;
socialist_emulation;Socialist Emulation;;;;;;;;;;;;x,,,,,,,;;;;;;;;;;;;;;;;
socialist_emulation_desc;"Socialist competition or socialist emulation was a form of competition between state enterprises and between individuals practiced in the Soviet Union and in other Eastern bloc states. An important component of socialist emulation was ""socialist self-obligations"". While the production plan was the major benchmark, employees and work collectives were supposed to put forth ""socialist self-obligations"" and even ""enhanced socialist self-obligations"" beyond the plan.";;;;;;;;;;;;x,,,,,;;;;;;;;;;;;;;;;
anti_trust_laws;Anti-Trust Laws;;;;;;;;;;;;x,,,,,,,;;;;;;;;;;;;;;;;
anti_trust_laws_desc;This legislation stopped concentration of power on the market. Sometimes an actor became too big and competition diminished on the market, which meant that prices were raised unproportionally.;;;;;;;;;;;;x,,,,,;;;;;;;;;;;;;;;;
price_fixing;Price Fixing;;;;;;;;;;;;x,,,,,,,;;;;;;;;;;;;;;;;
price_fixing_desc;Price fixing is an agreement between participants on the same side in a market to buy or sell a product, service, or commodity only at a fixed price, or maintain the market conditions such that the price is maintained at a given level by controlling supply and demand. The intent of price fixing may be to push the price of a product as high as possible, generally leading to profits for all sellers. International price fixing by private entities can be prosecuted under the antitrust laws of many countries.;;;;;;;;;;;;x,,,,,;;;;;;;;;;;;;;;;
taylorism;Taylorism;;;;;;;;;;;;x,,,,,,,;;;;;;;;;;;;;;;;
taylorism_desc;Taylorism is the science of dividing specific tasks to allow employees to complete assignments as efficiently as possible. The practice of Taylorism was first developed by Frederick Taylor who desired to obtain the most efficient practices in the workforce.;;;;;;;;;;;;x,,,,,;;;;;;;;;;;;;;;;
managment_science;Management science;;;;;;;;;;;;x,,,,,,,;;;;;;;;;;;;;;;;
managment_science_desc;Management science (MS) is the broad interdisciplinary study of problem solving and decision making in human organizations. It uses various scientific research-based principles, strategies, and analytical methods including mathematical modeling, statistics and numerical algorithms to improve an organization's ability to enact rational and accurate management decisions by arriving at optimal or near optimal solutions to complex decision problems. Management science helps businesses to achieve goals using various scientific methods.;;;;;;;;;;;;x,,,,,;;;;;;;;;;;;;;;;
theory_x_theory_y;Theory X & Y;;;;;;;;;;;;x,,,,,,,;;;;;;;;;;;;;;;;
theory_x_theory_y_desc;Theory X and Theory Y are theories of human work motivation and management. They were created by Douglas McGregor. The two theories describe contrasting models of workforce motivation applied by managers in human resource management, organizational behavior, organizational communication and organizational development. Theory X explains the importance of heightened supervision, external rewards, and penalties, while Theory Y highlights the motivating role of job satisfaction and encourages workers to approach tasks without direct supervision.;;;;;;;;;;;;x,,,,,;;;;;;;;;;;;;;;;
toyota_system;Toyota Production System;;;;;;;;;;;;x,,,,,,,;;;;;;;;;;;;;;;;
toyota_system_desc;"The Toyota Production System (TPS) is an integrated socio-technical system, developed by Toyota, that comprises its management philosophy and practices. The TPS is a management system that organizes manufacturing and logistics for the automobile manufacturer, including interaction with suppliers and customers. The system is a major precursor of the more generic ""lean manufacturing"". The main objectives of the TPS are to design out overburden (muri) and inconsistency (mura), and to eliminate waste (muda).";;;;;;;;;;;;x,,,,,;;;;;;;;;;;;;;;;
stakhanovite;Stakhanovite Movement;;;;;;;;;;;;x,,,,,,,;;;;;;;;;;;;;;;;
stakhanovite_desc;The term Stakhanovite originated in the Soviet Union and referred to workers who modeled themselves after Alexey Stakhanov. These workers took pride in their ability to produce more than was required, by working harder and more efficiently, thus strengthening the Communist state. The Stakhanovite Movement was encouraged due to the idea of socialist emulation. It began in the coal industry but later spread to many other industries in the Soviet Union.;;;;;;;;;;;;x,,,,,;;;;;;;;;;;;;;;;
udarnik;Udarnik;;;;;;;;;;;;x,,,,,,,;;;;;;;;;;;;;;;;
udarnik_desc;"An udarnik also known in English as a shock worker was a highly productive worker in the Soviet Union, the Eastern Bloc, and other communist countries. The term derived from the expression ""udarny trud"" for ""superproductive, enthusiastic labour"".";;;;;;;;;;;;x,,,,,;;;;;;;;;;;;;;;;
abstract_expressionism;Abstract Expressionism;;;;;;;;;;;;x,,,,,,,;;;;;;;;;;;;;;;;
abstract_expressionism_desc;Shaped by the legacy of Surrealism, painters and sculptors break away from what is considered conventional, and instead use spontaneity and improvisation to create abstract works of art.;;;;;;;;;;;;x,,,,,;;;;;;;;;;;;;;;;
post_surrealism;Post Surrealism;;;;;;;;;;;;x,,,,,,,;;;;;;;;;;;;;;;;
post_surrealism_desc;Post-surrealism is a movement that arose when a manifesto was written, explaining the desire to use art to convey the relationship between the perceptual and the conceptual.;;;;;;;;;;;;x,,,,,;;;;;;;;;;;;;;;;
op_art;Op Art;;;;;;;;;;;;x,,,,,,,;;;;;;;;;;;;;;;;
op_art_desc;Heightened by advances in science and technology as well as an interest in optical effects and illusions, artists active in this style use shapes, colors, and patterns to create images that appeare to be moving or blurring, often produced in black and white for maximum contrast.;;;;;;;;;;;;x,,,,,;;;;;;;;;;;;;;;;
pop_art;Pop Art;;;;;;;;;;;;x,,,,,,,;;;;;;;;;;;;;;;;
pop_art_desc;Pop Art movement transitions away from methods used in Abstract Expressionism, and instead uses everyday, mundane objects to create innovative works of art that challenge consumerism and mass media.;;;;;;;;;;;;x,,,,,;;;;;;;;;;;;;;;;
carnaps_semantics;Carnap's Semantics;;;;;;;;;;;;x,,,,,,,;;;;;;;;;;;;;;;;
carnaps_semantics_desc;The goal of Carnap's semantic project is to find a way to determine the meanings of expressions belonging to a formal object language, and to reconstruct linguistic expressions in natural or scientific language in such formal languages.;;;;;;;;;;;;x,,,,,;;;;;;;;;;;;;;;;
logical_atomism;Logical Atomism;;;;;;;;;;;;x,,,,,,,;;;;;;;;;;;;;;;;
logical_atomism_desc;Logical atomism is the view that the world consists in a plurality of independent and discrete entities, which by coming together form facts.;;;;;;;;;;;;x,,,,,;;;;;;;;;;;;;;;;
theory_of_descriptions;Theory of Descriptions;;;;;;;;;;;;x,,,,,,,;;;;;;;;;;;;;;;;
theory_of_descriptions_desc;The Theory of descriptions is used to analyze sentences in which definite descriptions occur in places in which proper names may occur.;;;;;;;;;;;;x,,,,,;;;;;;;;;;;;;;;;
uncertainty_principle;Uncertainty Principle;;;;;;;;;;;;x,,,,,,,;;;;;;;;;;;;;;;;
uncertainty_principle_desc;In quantum mechanics, the uncertainty principle (also known as Heisenberg's uncertainty principle) is any of a variety of mathematical inequalities asserting a fundamental limit to the accuracy with which the values for certain pairs of physical quantities of a particle can be predicted from initial conditions.;;;;;;;;;;;;x,,,,,;;;;;;;;;;;;;;;;
critical_rationalism;Critical Rationalism;;;;;;;;;;;;x,,,,,,,;;;;;;;;;;;;;;;;
critical_rationalism_desc;Critical rationalism is an epistemological philosophy advanced on the basis that, if a statement cannot be logically deduced (from what is known), it might nevertheless be possible to logically falsify it. ;;;;;;;;;;;;x,,,,,;;;;;;;;;;;;;;;;
pure_theory_of_law;Pure Theory of Law;;;;;;;;;;;;x,,,,,,,;;;;;;;;;;;;;;;;
pure_theory_of_law_desc;"Kelsen's Pure Theory of Law aims to describe law as a hierarchy of binding norms, while refusing, itself, to evaluate those norms. That is, ""legal science"" is to be separated from ""legal politics"".";;;;;;;;;;;;x,,,,,;;;;;;;;;;;;;;;;
chicago_school;Chicago School;;;;;;;;;;;;x,,,,,,,;;;;;;;;;;;;;;;;
chicago_school_desc;The Chicago School (sometimes known as the Ecological School) refers to a school of thought in sociology and criminology  whose work was influential in the early 20th century.;;;;;;;;;;;;x,,,,,;;;;;;;;;;;;;;;;
modern_primary_education;Modern Primary Education;;;;;;;;;;;;x,,,,,,,;;;;;;;;;;;;;;;;
modern_primary_education_desc;Modern elementary school systems are developing in suburban and urban areas.;;;;;;;;;;;;x,,,,,;;;;;;;;;;;;;;;;
modern_secondary_education;Modern Secondary Education;;;;;;;;;;;;x,,,,,,,;;;;;;;;;;;;;;;;
modern_secondary_education_desc;Modern high school school systems are developing in suburban and urban areas.;;;;;;;;;;;;x,,,,,;;;;;;;;;;;;;;;;
professional_educators;Professional Educators;;;;;;;;;;;;x,,,,,,,;;;;;;;;;;;;;;;;
professional_educators_desc;The student-centered activity movement has contributed to the rise of professional educators: people who have studied and developed effective teaching methods.;;;;;;;;;;;;x,,,,,;;;;;;;;;;;;;;;;
fascist_corporativism;Fascist Corporativism;;;;;;;;;;;;x,,,,,,,;;;;;;;;;;;;;;;;
fascist_corporativism_desc;A fascist corporation is a government body that brings together federations of workers and employers syndicates belonging to the same profession and branch, to regulate production in a holistic manner.;;;;;;;;;;;;x,,,,,;;;;;;;;;;;;;;;;
resistance;Resistance;;;;;;;;;;;;x,,,,,,,;;;;;;;;;;;;;;;;
resistance_desc;The resistance movements are resistance groups who fight the occupying forces and the collaborationists during wars.;;;;;;;;;;;;x,,,,,;;;;;;;;;;;;;;;;
human_rights_movements;Human Rights Movements;;;;;;;;;;;;x,,,,,,,;;;;;;;;;;;;;;;;
human_rights_movements_desc;Human rights movements are gaining ground.;;;;;;;;;;;;x,,,,,;;;;;;;;;;;;;;;;
human_rights_organizations;Human Rights Organizations;;;;;;;;;;;;x,,,,,,,;;;;;;;;;;;;;;;;
human_rights_organizations_desc;Human rights movements become more organized, creating organizations.;;;;;;;;;;;;x,,,,,;;;;;;;;;;;;;;;;
national_tv_networks;National TV Networks;;;;;;;;;;;;x,,,,,,,;;;;;;;;;;;;;;;;
national_tv_networks_desc;National TV channels start to be broadcasted.;;;;;;;;;;;;x,,,,,;;;;;;;;;;;;;;;;
radio_tv_propaganda;Radio and TV Propaganda;;;;;;;;;;;;x,,,,,,,;;;;;;;;;;;;;;;;
radio_tv_propaganda_desc;Radio and TV channels become a way to support the ideas of the government.;;;;;;;;;;;;x,,,,,;;;;;;;;;;;;;;;;
urban_electric_light;Urban Electric Light;;;;;;;;;;;;x,,,,,,,;;;;;;;;;;;;;;;;
urban_electric_light_desc;Electric light diffusion in urban contexts begins.;;;;;;;;;;;;x,,,,,;;;;;;;;;;;;;;;;
commercial_nuclear_plants;Comercial Nuclear Plants;;;;;;;;;;;;x,,,,,,,;;;;;;;;;;;;;;;;
commercial_nuclear_plants_desc;The first commercial nuclear plants are built.;;;;;;;;;;;;x,,,,,;;;;;;;;;;;;;;;;
nuclear_grid_management;Nuclear Grid Management;;;;;;;;;;;;x,,,,,,,;;;;;;;;;;;;;;;;
nuclear_grid_management_desc;Civilian reactor oversight and grid integration improve efficiency and reduce industrial waste.;;;;;;;;;;;;x,,,,,;;;;;;;;;;;;;;;;
conveyor_belt_diffusion;Conveyor Belt Diffusion;;;;;;;;;;;;x,,,,,,,;;;;;;;;;;;;;;;;
conveyor_belt_diffusion_desc;Conveyors are durable and reliable components used in automated distribution and warehousing, as well as manufacturing and production facilities.;;;;;;;;;;;;x,,,,,;;;;;;;;;;;;;;;;
perfected_power_loom;Perfected Power Loom;;;;;;;;;;;;x,,,,,,,;;;;;;;;;;;;;;;;
perfected_power_loom_desc;Power looms are perfected for more efficient carpet production.;;;;;;;;;;;;x,,,,,;;;;;;;;;;;;;;;;
mechanized_tufting_machine;Mechanized Tufting Machine ;;;;;;;;;;;;x,,,,,,,;;;;;;;;;;;;;;;;
mechanized_tufting_machine_desc;The first mechanized tufting machine is developed.;;;;;;;;;;;;x,,,,,;;;;;;;;;;;;;;;;
experimental_robotic_production;Experimental Robotic Production;;;;;;;;;;;;x,,,,,,,;;;;;;;;;;;;;;;;
experimental_robotic_production_desc;Robotics technologies are experimented with in factories.;;;;;;;;;;;;x,,,,,;;;;;;;;;;;;;;;;
early_robotic_production;Early Robotic Production;;;;;;;;;;;;x,,,,,,,;;;;;;;;;;;;;;;;
early_robotic_production_desc;Robotics technologies are introduced in more factories.;;;;;;;;;;;;x,,,,,;;;;;;;;;;;;;;;;
laboratory_glass;Laboratory Glass;;;;;;;;;;;;x,,,,,,,;;;;;;;;;;;;;;;;
laboratory_glass_desc;New laboratory glass is used, with qualities ideal for research.;;;;;;;;;;;;x,,,,,;;;;;;;;;;;;;;;;
methanometer;Methanometer;;;;;;;;;;;;x,,,,,,,;;;;;;;;;;;;;;;;
methanometer_desc;A methanometer is an instrument used to measure methane gas in the air of a mine.;;;;;;;;;;;;x,,,,,;;;;;;;;;;;;;;;;
polarography;Polarography;;;;;;;;;;;;x,,,,,,,;;;;;;;;;;;;;;;;
polarography_desc;Polarography is an instrumental method of chemical analysis used for qualitative and quantitative determinations of reducible or oxidizable substances.;;;;;;;;;;;;x,,,,,;;;;;;;;;;;;;;;;
point_contact_transistor;Point-contact Transistor;;;;;;;;;;;;x,,,,,,,;;;;;;;;;;;;;;;;
point_contact_transistor_desc;The point-contact transistor was the first type of transistor to be successfully demonstrated.;;;;;;;;;;;;x,,,,,;;;;;;;;;;;;;;;;
bipolar_junction_transistor;Bipolar Junction Transistor;;;;;;;;;;;;x,,,,,,,;;;;;;;;;;;;;;;;
bipolar_junction_transistor_desc;A bipolar junction transistor (BJT) is a type of transistor that uses both electrons and electron holes as charge carriers.;;;;;;;;;;;;x,,,,,;;;;;;;;;;;;;;;;
mosfet;MOSFET;;;;;;;;;;;;x,,,,,,,;;;;;;;;;;;;;;;;
mosfet_desc;The metal–oxide–semiconductor field-effect transistor (MOSFET, MOS-FET, or MOS FET) is a type of field-effect transistor (FET), most commonly fabricated by the controlled oxidation of silicon.;;;;;;;;;;;;x,,,,,;;;;;;;;;;;;;;;;
;;;;;;;;;;;;;;;;;;;;;;;;;;;;;
;;;;;;;;;;;;;;;;;;;;;;;;;;;;;
;;;;;;;;;;;;;;;;;;;;;;;;;;;;;
;;;;;;;;;;;;;;;;;;;;;;;;;;;;;
;;;;;;;;;;;;;;;;;;;;;;;;;;;;;
;;;;;;;;;;;;;;;;;;;;;;;;;;;;;
;;;;;;;;;;;;;;;;;;;;;;;;;;;;;
;;;;;;;;;;;;;;;;;;;;;;;;;;;;;
;;;;;;;;;;;;;;;;;;;;;;;;;;;;;
;;;;;;;;;;;;;;;;;;;;;;;;;;;;;
;;;;;;;;;;;;;;;;;;;;;;;;;;;;;
;;;;;;;;;;;;;;;;;;;;;;;;;;;;;
;;;;;;;;;;;;;;;;;;;;;;;;;;;;;
;;;;;;;;;;;;;;;;;;;;;;;;;;;;;
;;;;;;;;;;;;;;;;;;;;;;;;;;;;;
;;;;;;;;;;;;;;;;;;;;;;;;;;;;;
;;;;;;;;;;;;;;;;;;;;;;;;;;;;;
;;;;;;;;;;;;;;;;;;;;;;;;;;;;;
;;;;;;;;;;;;;;;;;;;;;;;;;;;;;
;;;;;;;;;;;;;;;;;;;;;;;;;;;;;
;;;;;;;;;;;;;;;;;;;;;;;;;;;;;
;;;;;;;;;;;;;;;;;;;;;;;;;;;;;
;;;;;;;;;;;;;;;;;;;;;;;;;;;;;
;;;;;;;;;;;;;;;;;;;;;;;;;;;;;
;;;;;;;;;;;;;;;;;;;;;;;;;;;;;
;;;;;;;;;;;;;;;;;;;;;;;;;;;;;
;;;;;;;;;;;;;;;;;;;;;;;;;;;;;
;;;;;;;;;;;;;;;;;;;;;;;;;;;;;
;;;;;;;;;;;;;;;;;;;;;;;;;;;;;
;;;;;;;;;;;;;;;;;;;;;;;;;;;;;
;;;;;;;;;;;;;;;;;;;;;;;;;;;;;
;;;;;;;;;;;;;;;;;;;;;;;;;;;;;
;;;;;;;;;;;;;;;;;;;;;;;;;;;;;
;;;;;;;;;;;;;;;;;;;;;;;;;;;;;
;;;;;;;;;;;;;;;;;;;;;;;;;;;;;
;;;;;;;;;;;;;;;;;;;;;;;;;;;;;
;;;;;;;;;;;;;;;;;;;;;;;;;;;;;
;;;;;;;;;;;;;;;;;;;;;;;;;;;;;
;;;;;;;;;;;;;;;;;;;;;;;;;;;;;
;;;;;;;;;;;;;;;;;;;;;;;;;;;;;
;;;;;;;;;;;;;;;;;;;;;;;;;;;;;
;;;;;;;;;;;;;;;;;;;;;;;;;;;;;
;;;;;;;;;;;;;;;;;;;;;;;;;;;;;
;;;;;;;;;;;;;;;;;;;;;;;;;;;;;
;;;;;;;;;;;;;;;;;;;;;;;;;;;;;
;;;;;;;;;;;;;;;;;;;;;;;;;;;;;
;;;;;;;;;;;;;;;;;;;;;;;;;;;;;
;;;;;;;;;;;;;;;;;;;;;;;;;;;;;
;;;;;;;;;;;;;;;;;;;;;;;;;;;;;
;;;;;;;;;;;;;;;;;;;;;;;;;;;;;
;;;;;;;;;;;;;;;;;;;;;;;;;;;;;
;;;;;;;;;;;;;;;;;;;;;;;;;;;;;
;;;;;;;;;;;;;;;;;;;;;;;;;;;;;
;;;;;;;;;;;;;;;;;;;;;;;;;;;;;
;;;;;;;;;;;;;;;;;;;;;;;;;;;;;
;;;;;;;;;;;;;;;;;;;;;;;;;;;;;
;;;;;;;;;;;;;;;;;;;;;;;;;;;;;
;;;;;;;;;;;;;;;;;;;;;;;;;;;;;
;;;;;;;;;;;;;;;;;;;;;;;;;;;;;
;;;;;;;;;;;;;;;;;;;;;;;;;;;;;
;;;;;;;;;;;;;;;;;;;;;;;;;;;;;
;;;;;;;;;;;;;;;;;;;;;;;;;;;;;
;;;;;;;;;;;;;;;;;;;;;;;;;;;;;
;;;;;;;;;;;;;;;;;;;;;;;;;;;;;
;;;;;;;;;;;;;;;;;;;;;;;;;;;;;
;;;;;;;;;;;;;;;;;;;;;;;;;;;;;
;;;;;;;;;;;;;;;;;;;;;;;;;;;;;
;;;;;;;;;;;;;;;x;;;;;;;;;;;;;;,,,,,,,
;;;;;;;;;;;;;;;x;;;;;;;;;;;;;;,,,,
;;;;;;;;;;;;;;;;;;;;;;;;;;;;;
;;;;;;;;;;;;;;;;;;;;;;;;;;;;;
;;;;;;;;;;;;;;;;;;;;;;;;;;;;;
;;;;;;;;;;;;;;;;;;;;;;;;;;;;;
;;;;;;;;;;;;;;;;;;;;;;;;;;;;;
;;;;;;;;;;;;;;;;;;;;;;;;;;;;;
;;;;;;;;;;;;;;;;;;;;;;;;;;;;;
;;;;;;;;;;;;;;;;;;;;;;;;;;;;;
;;;;;;;;;;;;;;;;;;;;;;;;;;;;;
;;;;;;;;;;;;;;;;;;;;;;;;;;;;;
;;;;;;;;;;;;;;;;;;;;;;;;;;;;;
;;;;;;;;;;;;;;;;;;;;;;;;;;;;;
;;;;;;;;;;;;;;;;;;;;;;;;;;;;;
;;;;;;;;;;;;;;;;;;;;;;;;;;;;;
;;;;;;;;;;;;;;;;;;;;;;;;;;;;;
;;;;;;;;;;;;;;;;;;;;;;;;;;;;;
;;;;;;;;;;;;;;;;;;;;;;;;;;;;;
;;;;;;;;;;;;;;;;;;;;;;;;;;;;;
;;;;;;;;;;;;;;;;;;;;;;;;;;;;;
;;;;;;;;;;;;;;;;;;;;;;;;;;;;;
;;;;;;;;;;;;;;;;;;;;;;;;;;;;;
;;;;;;;;;;;;;;;;;;;;;;;;;;;;;
;;;;;;;;;;;;;;;;;;;;;;;;;;;;;
;;;;;;;;;;;;;;;;;;;;;;;;;;;;;
;;;;;;;;;;;;;;;;;;;;;;;;;;;;;
;;;;;;;;;;;;;;;;;;;;;;;;;;;;;
;;;;;;;;;;;;;;;;;;;;;;;;;;;;;
;;;;;;;;;;;;;;;;;;;;;;;;;;;;;
;;;;;;;;;;;;;;;;;;;;;;;;;;;;;
;;;;;;;;;;;;;;;;;;;;;;;;;;;;;
;;;;;;;;;;;;;;;;;;;;;;;;;;;;;
;;;;;;;;;;;;;;;;;;;;;;;;;;;;;
;;;;;;;;;;;;;;;;;;;;;;;;;;;;;
;;;;;;;;;;;;;;;;;;;;;;;;;;;;;
;;;;;;;;;;;;;;;;;;;;;;;;;;;;;
;;;;;;;;;;;;;;;;;;;;;;;;;;;;;
;;;;;;;;;;;;;;;;;;;;;;;;;;;;;
;;;;;;;;;;;;;;;;;;;;;;;;;;;;;
;;;;;;;;;;;;;;;;;;;;;;;;;;;;;
;;;;;;;;;;;;;;;;;;;;;;;;;;;;;
;;;;;;;;;;;;;;;;;;;;;;;;;;;;;
;;;;;;;;;;;;;;;;;;;;;;;;;;;;;
;;;;;;;;;;;;;;;;;;;;;;;;;;;;;
;;;;;;;;;;;;;;;;;;;;;;;;;;;;;
;;;;;;;;;;;;;;;;;;;;;;;;;;;;;
;;;;;;;;;;;;;;;;;;;;;;;;;;;;;
;;;;;;;;;;;;;;;;;;;;;;;;;;;;;
;;;;;;;;;;;;;;;;;;;;;;;;;;;;;
;;;;;;;;;;;;;;;;;;;;;;;;;;;;;
;;;;;;;;;;;;;;;;;;;;;;;;;;;;;
;;;;;;;;;;;;;;;;;;;;;;;;;;;;;
;;;;;;;;;;;;;;;;;;;;;;;;;;;;;
;;;;;;;;;;;;;;;;;;;;;;;;;;;;;
;;;;;;;;;;;;;;;;;;;;;;;;;;;;;
;;;;;;;;;;;;;;;;;;;;;;;;;;;;;
;;;;;;;;;;;;;;;;;;;;;;;;;;;;;
;;;;;;;;;;;;;;;;;;;;;;;;;;;;;
;;;;;;;;;;;;;;;;;;;;;;;;;;;;;
;;;;;;;;;;;;;;;;;;;;;;;;;;;;;
;;;;;;;;;;;;;;;;;;;;;;;;;;;;;
;;;;;;;;;;;;;;;;;;;;;;;;;;;;;
;;;;;;;;;;;;;;;;;;;;;;;;;;;;;
;;;;;;;;;;;;;;;;;;;;;;;;;;;;;
;;;;;;;;;;;;;;;;;;;;;;;;;;;;;
;;;;;;;;;;;;;;;;;;;;;;;;;;;;;
;;;;;;;;;;;;;;;;;;;;;;;;;;;;;
;;;;;;;;;;;;;;;;;;;;;;;;;;;;;
;;;;;;;;;;;;;;;;;;;;;;;;;;;;;
;;;;;;;;;;;;;;;;;;;;;;;;;;;;;
;;;;;;;;;;;;;;;;;;;;;;;;;;;;;
;;;;;;;;;;;;;;;;;;;;;;;;;;;;;
;;;;;;;;;;;;;;;;;;;;;;;;;;;;;
;;;;;;;;;;;;;;;;;;;;;;;;;;;;;
;;;;;;;;;;;;;;;;;;;;;;;;;;;;;
;;;;;;;;;;;;;;;;;;;;;;;;;;;;;
;;;;;;;;;;;;;;;;;;;;;;;;;;;;;
;;;;;;;;;;;;;;;;;;;;;;;;;;;;;
;;;;;;;;;;;;;;;;;;;;;;;;;;;;;
;;;;;;;;;;;;;;;;;;;;;;;;;;;;;
;;;;;;;;;;;;;;;;;;;;;;;;;;;;;
;;;;;;;;;;;;;;;;;;;;;;;;;;;;;
;;;;;;;;;;;;;;;;;;;;;;;;;;;;;
;;;;;;;;;;;;;;;;;;;;;;;;;;;;;
;;;;;;;;;;;;;;;;;;;;;;;;;;;;;
;;;;;;;;;;;;;;;;;;;;;;;;;;;;;
;;;;;;;;;;;;;;;;;;;;;;;;;;;;;
;;;;;;;;;;;;;;;;;;;;;;;;;;;;;
;;;;;;;;;;;;;;;;;;;;;;;;;;;;;
;;;;;;;;;;;;;;;;;;;;;;;;;;;;;
;;;;;;;;;;;;;;;;;;;;;;;;;;;;;
;;;;;;;;;;;;;;;;;;;;;;;;;;;;;
;;;;;;;;;;;;;;;;;;;;;;;;;;;;;
;;;;;;;;;;;;;;;;;;;;;;;;;;;;;
;;;;;;;;;;;;;;;;;;;;;;;;;;;;;
;;;;;;;;;;;;;;;;;;;;;;;;;;;;;
;;;;;;;;;;;;;;;;;;;;;;;;;;;;;
;;;;;;;;;;;;;;;;;;;;;;;;;;;;;
;;;;;;;;;;;;;;;;;;;;;;;;;;;;;
;;;;;;;;;;;;;;;;;;;;;;;;;;;;;
;;;;;;;;;;;;;;;;;;;;;;;;;;;;;
;;;;;;;;;;;;;;;;;;;;;;;;;;;;;
;;;;;;;;;;;;;;;;;;;;;;;;;;;;;
;;;;;;;;;;;;;;;;;;;;;;;;;;;;;
;;;;;;;;;;;;;;;;;;;;;;;;;;;;;
;;;;;;;;;;;;;;;;;;;;;;;;;;;;;
;;;;;;;;;;;;;;;;;;;;;;;;;;;;;
;;;;;;;;;;;;;;;;;;;;;;;;;;;;;
;;;;;;;;;;;;;;;;;;;;;;;;;;;;;
;;;;;;;;;;;;;;;;;;;;;;;;;;;;;
;;;;;;;;;;;;;;;;;;;;;;;;;;;;;
;;;;;;;;;;;;;;;;;;;;;;;;;;;;;
;;;;;;;;;;;;;;;;;;;;;;;;;;;;;
;;;;;;;;;;;;;;;;;;;;;;;;;;;;;
;;;;;;;;;;;;;;;;;;;;;;;;;;;;;
;;;;;;;;;;;;;;;;;;;;;;;;;;;;;
;;;;;;;;;;;;;;;;;;;;;;;;;;;;;
;;;;;;;;;;;;;;;;;;;;;;;;;;;;;
;;;;;;;;;;;;;;;;;;;;;;;;;;;;;
;;;;;;;;;;;;;;;;;;;;;;;;;;;;;
;;;;;;;;;;;;;;;;;;;;;;;;;;;;;
;;;;;;;;;;;;;;;;;;;;;;;;;;;;;
;;;;;;;;;;;;;;;;;;;;;;;;;;;;;
;;;;;;;;;;;;;;;;;;;;;;;;;;;;;
;;;;;;;;;;;;;;;;;;;;;;;;;;;;;
;;;;;;;;;;;;;;;;;;;;;;;;;;;;;
;;;;;;;;;;;;;;;;;;;;;;;;;;;;;
;;;;;;;;;;;;;;;;;;;;;;;;;;;;;
;;;;;;;;;;;;;;;;;;;;;;;;;;;;;
;;;;;;;;;;;;;;;;;;;;;;;;;;;;;
;;;;;;;;;;;;;;;;;;;;;;;;;;;;;
;;;;;;;;;;;;;;;;;;;;;;;;;;;;;
;;;;;;;;;;;;;;;;;;;;;;;;;;;;;
;;;;;;;;;;;;;;;;;;;;;;;;;;;;;
;;;;;;;;;;;;;;;;;;;;;;;;;;;;;
;;;;;;;;;;;;;;;;;;;;;;;;;;;;;
;;;;;;;;;;;;;;;;;;;;;;;;;;;;;
;;;;;;;;;;;;;;;;;;;;;;;;;;;;;
;;;;;;;;;;;;;;;;;;;;;;;;;;;;;
;;;;;;;;;;;;;;;;;;;;;;;;;;;;;
;;;;;;;;;;;;;;;;;;;;;;;;;;;;;
;;;;;;;;;;;;;;;;;;;;;;;;;;;;;
;;;;;;;;;;;;;;;;;;;;;;;;;;;;;
;;;;;;;;;;;;;;;;;;;;;;;;;;;;;
;;;;;;;;;;;;;;;;;;;;;;;;;;;;;
;;;;;;;;;;;;;;;;;;;;;;;;;;;;;
;;;;;;;;;;;;;;;;;;;;;;;;;;;;;
;;;;;;;;;;;;;;;;;;;;;;;;;;;;;
;;;;;;;;;;;;;;;;;;;;;;;;;;;;;
;;;;;;;;;;;;;;;;;;;;;;;;;;;;;
;;;;;;;;;;;;;;;;;;;;;;;;;;;;;
;;;;;;;;;;;;;;;;;;;;;;;;;;;;;
;;;;;;;;;;;;;;;;;;;;;;;;;;;;;
;;;;;;;;;;;;;;;;;;;;;;;;;;;;;
;;;;;;;;;;;;;;;;;;;;;;;;;;;;;
;;;;;;;;;;;;;;;;;;;;;;;;;;;;;
;;;;;;;;;;;;;;;;;;;;;;;;;;;;;
;;;;;;;;;;;;;;;;;;;;;;;;;;;;;
;;;;;;;;;;;;;;;;;;;;;;;;;;;;;
;;;;;;;;;;;;;;;;;;;;;;;;;;;;;
;;;;;;;;;;;;;;;;;;;;;;;;;;;;;
;;;;;;;;;;;;;;;;;;;;;;;;;;;;;
;;;;;;;;;;;;;;;;;;;;;;;;;;;;;
;;;;;;;;;;;;;;;;;;;;;;;;;;;;;
;;;;;;;;;;;;;;;;;;;;;;;;;;;;;
;;;;;;;;;;;;;;;;;;;;;;;;;;;;;
;;;;;;;;;;;;;;;;;;;;;;;;;;;;;
;;;;;;;;;;;;;;;;;;;;;;;;;;;;;
;;;;;;;;;;;;;;;;;;;;;;;;;;;;;
;;;;;;;;;;;;;;;;;;;;;;;;;;;;;
;;;;;;;;;;;;;;;;;;;;;;;;;;;;;
;;;;;;;;;;;;;;;;;;;;;;;;;;;;;
;;;;;;;;;;;;;;;;;;;;;;;;;;;;;
;;;;;;;;;;;;;;;;;;;;;;;;;;;;;
;;;;;;;;;;;;;;;;;;;;;;;;;;;;;
;;;;;;;;;;;;;;;;;;;;;;;;;;;;;
;;;;;;;;;;;;;;;;;;;;;;;;;;;;;
;;;;;;;;;;;;;;;;;;;;;;;;;;;;;
;;;;;;;;;;;;;;;;;;;;;;;;;;;;;
;;;;;;;;;;;;;;;;;;;;;;;;;;;;;
;;;;;;;;;;;;;;;;;;;;;;;;;;;;;
;;;;;;;;;;;;;;;;;;;;;;;;;;;;;
;;;;;;;;;;;;;;;;;;;;;;;;;;;;;
;;;;;;;;;;;;;;;;;;;;;;;;;;;;;
;;;;;;;;;;;;;;;;;;;;;;;;;;;;;
;;;;;;;;;;;;;;;;;;;;;;;;;;;;;
;;;;;;;;;;;;;;;;;;;;;;;;;;;;;
;;;;;;;;;;;;;;;;;;;;;;;;;;;;;
;;;;;;;;;;;;;;;;;;;;;;;;;;;;;
;;;;;;;;;;;;;;;;;;;;;;;;;;;;;
;;;;;;;;;;;;;;;;;;;;;;;;;;;;;
;;;;;;;;;;;;;;;;;;;;;;;;;;;;;
;;;;;;;;;;;;;;;;;;;;;;;;;;;;;
;;;;;;;;;;;;;;;;;;;;;;;;;;;;;
;;;;;;;;;;;;;;;;;;;;;;;;;;;;;
;;;;;;;;;;;;;;;;;;;;;;;;;;;;;
;;;;;;;;;;;;;;;;;;;;;;;;;;;;;
;;;;;;;;;;;;;;;;;;;;;;;;;;;;;
;;;;;;;;;;;;;;;;;;;;;;;;;;;;;
;;;;;;;;;;;;;;;;;;;;;;;;;;;;;
;;;;;;;;;;;;;;;;;;;;;;;;;;;;;
;;;;;;;;;;;;;;;;;;;;;;;;;;;;;
;;;;;;;;;;;;;;;;;;;;;;;;;;;;;
;;;;;;;;;;;;;;;;;;;;;;;;;;;;;
;;;;;;;;;;;;;;;;;;;;;;;;;;;;;
;;;;;;;;;;;;;;;;;;;;;;;;;;;;;
;;;;;;;;;;;;;;;;;;;;;;;;;;;;;
;;;;;;;;;;;;;;;;;;;;;;;;;;;;;
;;;;;;;;;;;;;;;;;;;;;;;;;;;;;
;;;;;;;;;;;;;;;;;;;;;;;;;;;;;
;;;;;;;;;;;;;;;;;;;;;;;;;;;;;
;;;;;;;;;;;;;;;;;;;;;;;;;;;;;
;;;;;;;;;;;;;;;;;;;;;;;;;;;;;
;;;;;;;;;;;;;;;;;;;;;;;;;;;;;
;;;;;;;;;;;;;;;;;;;;;;;;;;;;;
;;;;;;;;;;;;;;;;;;;;;;;;;;;;;
;;;;;;;;;;;;;;;;;;;;;;;;;;;;;
;;;;;;;;;;;;;;;;;;;;;;;;;;;;;
;;;;;;;;;;;;;;;;;;;;;;;;;;;;;
;;;;;;;;;;;;;;;;;;;;;;;;;;;;;
;;;;;;;;;;;;;;;;;;;;;;;;;;;;;
;;;;;;;;;;;;;;;;;;;;;;;;;;;;;
;;;;;;;;;;;;;;;;;;;;;;;;;;;;;
;;;;;;;;;;;;;;;;;;;;;;;;;;;;;
;;;;;;;;;;;;;;;;;;;;;;;;;;;;;
;;;;;;;;;;;;;;;;;;;;;;;;;;;;;
;;;;;;;;;;;;;;;;;;;;;;;;;;;;;
;;;;;;;;;;;;;;;;;;;;;;;;;;;;;
;;;;;;;;;;;;;;;;;;;;;;;;;;;;;
;;;;;;;;;;;;;;;;;;;;;;;;;;;;;
;;;;;;;;;;;;;;;;;;;;;;;;;;;;;
;;;;;;;;;;;;;;;;;;;;;;;;;;;;;
;;;;;;;;;;;;;;;;;;;;;;;;;;;;;
;;;;;;;;;;;;;;;;;;;;;;;;;;;;;
;;;;;;;;;;;;;;;;;;;;;;;;;;;;;
;;;;;;;;;;;;;;;;;;;;;;;;;;;;;
;;;;;;;;;;;;;;;;;;;;;;;;;;;;;
;;;;;;;;;;;;;;;;;;;;;;;;;;;;;
;;;;;;;;;;;;;;;;;;;;;;;;;;;;;
;;;;;;;;;;;;;;;;;;;;;;;;;;;;;
;;;;;;;;;;;;;;;;;;;;;;;;;;;;;
;;;;;;;;;;;;;;;;;;;;;;;;;;;;;
;;;;;;;;;;;;;;;;;;;;;;;;;;;;;
;;;;;;;;;;;;;;;;;;;;;;;;;;;;;
;;;;;;;;;;;;;;;;;;;;;;;;;;;;;
;;;;;;;;;;;;;;;;;;;;;;;;;;;;;
;;;;;;;;;;;;;;;;;;;;;;;;;;;;;
;;;;;;;;;;;;;;;;;;;;;;;;;;;;;
;;;;;;;;;;;;;;;;;;;;;;;;;;;;;
;;;;;;;;;;;;;;;;;;;;;;;;;;;;;
;;;;;;;;;;;;;;;;;;;;;;;;;;;;;
;;;;;;;;;;;;;;;;;;;;;;;;;;;;;
;;;;;;;;;;;;;;;;;;;;;;;;;;;;;
;;;;;;;;;;;;;;;;;;;;;;;;;;;;;
;;;;;;;;;;;;;;;;;;;;;;;;;x,,,,,,;;;;
;;;;;;;;;;;;;;;;;;;;;;;;;;;;;
;;;;;;;;;;;;;;;;;;;;;;;;;x,,,,,,;;;;
integrated_task_forces;Integrated Task Forces;;;;;;;;;;;;x,,,,,,,;;;;;;;;;;;;;;;;
integrated_task_forces_desc;Carrier groups, cruisers and submarines are now coordinated as a single operational system, improving reaction speed and striking power.;;;;;;;;;;;;x,,,,,;;;;;;;;;;;;;;;
maritime_aerial_coordination;Maritime Aerial Coordination;;;;;;;;;;;;x,,,,,,,;;;;;;;;;;;;;;;;
maritime_aerial_coordination_desc;Naval aviation and surface fleets share targeting and reconnaissance data, improving blockade operations and at-sea coordination.;;;;;;;;;;;;x,,,,,;;;;;;;;;;;;;;;
solid_state_control_systems;Solid-state Control Systems;;;;;;;;;;;;x,,,,,,,;;;;;;;;;;;;;;;;
solid_state_control_systems_desc;Electronic control systems improve process stability and reduce waste in complex production lines.;;;;;;;;;;;;x,,,,,;;;;;;;;;;;;;;;
computerized_logistics;Computerized Logistics;;;;;;;;;;;;x,,,,,,,;;;;;;;;;;;;;;;;
computerized_logistics_desc;Data-driven inventory and transport planning improve factory and resource throughput across the national economy.;;;;;;;;;;;;x,,,,,;;;;;;;;;;;;;;;
cognitive_behavioral_therapy;Cognitive Behavioral Therapy;;;;;;;;;;;;x,,,,,,,;;;;;;;;;;;;;;;;
cognitive_behavioral_therapy_desc;Systematic therapy methods spread through modern institutions, improving social adaptation and public confidence.;;;;;;;;;;;;x,,,,,;;;;;;;;;;;;;;;
mass_psychometrics;Mass Psychometrics;;;;;;;;;;;;x,,,,,,,;;;;;;;;;;;;;;;;
mass_psychometrics_desc;Large-scale measurement of behavior and aptitude allows governments and universities to better target education and social programs.;;;;;;;;;;;;x,,,,,;;;;;;;;;;;;;;;
guerrilla_tactics;Guerrilla Tactics;;;;;;;;;;;;x,,,,,,,;;;;;;;;;;;;;;;;
guerrilla_tactics_desc;Small unit doctrine focused on mobility, local initiative and asymmetrical engagements improves resistance capabilities in difficult terrain.;;;;;;;;;;;;x,,,,,;;;;;;;;;;;;;;;
urban_resistance;Urban Resistance;;;;;;;;;;;;x,,,,,,,;;;;;;;;;;;;;;;;
urban_resistance_desc;Decentralized urban defensive doctrine strengthens close-quarters resistance in dense population centers.;;;;;;;;;;;;x,,,,,;;;;;;;;;;;;;;;
assault_rifle_development;Assault Rifle Development;;;;;;;;;;;;x,,,,,,,;;;;;;;;;;;;;;;;
assault_rifle_development_desc;Intermediate-caliber automatic weapons improve infantry flexibility between close and medium range combat.;;;;;;;;;;;;x,,,,,;;;;;;;;;;;;;;;
squad_automatic_weapons;Squad Automatic Weapons;;;;;;;;;;;;x,,,,,,,;;;;;;;;;;;;;;;;
squad_automatic_weapons_desc;Organic squad-level automatic fire increases suppressive capability and sustained infantry pressure.;;;;;;;;;;;;x,,,,,;;;;;;;;;;;;;;;
personal_defense_weapons;Personal Defense Weapons;;;;;;;;;;;;x,,,,,,,;;;;;;;;;;;;;;;;
personal_defense_weapons_desc;Compact automatic weapons equip rear-echelon and support units with improved self-defense capability.;;;;;;;;;;;;x,,,,,;;;;;;;;;;;;;;;
advanced_anti_fortification_shells;Advanced Anti-fortification Shells;;;;;;;;;;;;x,,,,,,,;;;;;;;;;;;;;;;;
advanced_anti_fortification_shells_desc;Improved shell design increases effectiveness against entrenched and fortified positions.;;;;;;;;;;;;x,,,,,;;;;;;;;;;;;;;;
coordinated_armour_artillery;Coordinated Armour-Artillery;;;;;;;;;;;;x,,,,,,,;;;;;;;;;;;;;;;;
coordinated_armour_artillery_desc;Combined planning between armored spearheads and artillery fire missions improves breakthrough operations.;;;;;;;;;;;;x,,,,,;;;;;;;;;;;;;;;
rocket_barrage_tactics;Rocket Barrage Tactics;;;;;;;;;;;;x,,,,,,,;;;;;;;;;;;;;;;;
rocket_barrage_tactics_desc;Massed rocket fire delivers rapid saturation bombardments to disrupt enemy lines before assaults.;;;;;;;;;;;;x,,,,,;;;;;;;;;;;;;;;
mobile_rocket_launchers;Mobile Rocket Launchers;;;;;;;;;;;;x,,,,,,,;;;;;;;;;;;;;;;;
mobile_rocket_launchers_desc;Truck-mounted launch systems improve rocket artillery mobility and operational responsiveness.;;;;;;;;;;;;x,,,,,;;;;;;;;;;;;;;;
thermobaric_rockets;Thermobaric Rockets;;;;;;;;;;;;x,,,,,,,;;;;;;;;;;;;;;;;
thermobaric_rockets_desc;Enhanced explosive compositions increase overpressure effects in fortified or enclosed positions.;;;;;;;;;;;;x,,,,,;;;;;;;;;;;;;;;
anti_tank_guided_missiles;Anti-tank Guided Missiles;;;;;;;;;;;;x,,,,,,,;;;;;;;;;;;;;;;;
anti_tank_guided_missiles_desc;Guided anti-armor munitions improve infantry lethality against mechanized formations.;;;;;;;;;;;;x,,,,,;;;;;;;;;;;;;;;
surface_to_surface_missiles;Surface-to-Surface Missiles;;;;;;;;;;;;x,,,,,,,;;;;;;;;;;;;;;;;
surface_to_surface_missiles_desc;Ground-launched missiles provide long-range precision strike options against strategic targets.;;;;;;;;;;;;x,,,,,;;;;;;;;;;;;;;;
mobile_missile_battalions;Mobile Missile Battalions;;;;;;;;;;;;x,,,,,,,;;;;;;;;;;;;;;;;
mobile_missile_battalions_desc;Dedicated mobile missile units increase survivability and strategic flexibility of missile forces.;;;;;;;;;;;;x,,,,,;;;;;;;;;;;;;;;
precision_guided_munitions;Precision Guided Munitions;;;;;;;;;;;;x,,,,,,,;;;;;;;;;;;;;;;;
precision_guided_munitions_desc;Improved guidance and target acquisition enables more accurate strikes with reduced ammunition waste.;;;;;;;;;;;;x,,,,,;;;;;;;;;;;;;;;
sovereign_wealth_funds;Sovereign Wealth Funds;;;;;;;;;;;;x,,,,,,,;;;;;;;;;;;;;;;;
sovereign_wealth_funds_desc;State-managed investment funds improve long-term capital allocation and stabilize strategic development financing.;;;;;;;;;;;;x,,,,,;;;;;;;;;;;;;;;
syndicated_credit_lines;Syndicated Credit Lines;;;;;;;;;;;;x,,,,,,,;;;;;;;;;;;;;;;;
syndicated_credit_lines_desc;Multi-bank lending structures expand access to industrial capital while distributing systemic risk.;;;;;;;;;;;;x,,,,,;;;;;;;;;;;;;;;
interbank_clearing_networks;Interbank Clearing Networks;;;;;;;;;;;;x,,,,,,,;;;;;;;;;;;;;;;;
interbank_clearing_networks_desc;Standardized settlement systems accelerate payments and improve liquidity between financial institutions.;;;;;;;;;;;;x,,,,,;;;;;;;;;;;;;;;
retail_card_networks;Retail Card Networks;;;;;;;;;;;;x,,,,,,,;;;;;;;;;;;;;;;;
retail_card_networks_desc;Electronic retail payment systems increase transaction efficiency and broaden domestic market participation.;;;;;;;;;;;;x,,,,,;;;;;;;;;;;;;;;
human_capital_investment;Human Capital Investment;;;;;;;;;;;;x,,,,,,,;;;;;;;;;;;;;;;;
human_capital_investment_desc;Long-term investment in education and skills raises productivity across the economy.;;;;;;;;;;;;x,,,,,;;;;;;;;;;;;;;;
targeted_industrial_policy;Targeted Industrial Policy;;;;;;;;;;;;x,,,,,,,;;;;;;;;;;;;;;;;
targeted_industrial_policy_desc;Focused state support for strategic sectors strengthens industrial modernization and supply resilience.;;;;;;;;;;;;x,,,,,;;;;;;;;;;;;;;;
operations_research_labs;Operations Research Labs;;;;;;;;;;;;x,,,,,,,;;;;;;;;;;;;;;;;
operations_research_labs_desc;Scientific optimization of planning and production improves resource allocation and industrial efficiency.;;;;;;;;;;;;x,,,,,;;;;;;;;;;;;;;;
algorithmic_supply_planning;Algorithmic Supply Planning;;;;;;;;;;;;x,,,,,,,;;;;;;;;;;;;;;;;
algorithmic_supply_planning_desc;Advanced planning models reduce bottlenecks and improve logistical continuity under stress conditions.;;;;;;;;;;;;x,,,,,;;;;;;;;;;;;;;;
product_safety_agencies;Product Safety Agencies;;;;;;;;;;;;x,,,,,,,;;;;;;;;;;;;;;;;
product_safety_agencies_desc;Regulatory oversight of standards and inspections improves market trust and product quality.;;;;;;;;;;;;x,,,,,;;;;;;;;;;;;;;;
antitrust_enforcement;Antitrust Enforcement;;;;;;;;;;;;x,,,,,,,;;;;;;;;;;;;;;;;
antitrust_enforcement_desc;Competition policy limits monopolistic concentration and supports healthier market dynamics.;;;;;;;;;;;;x,,,,,;;;;;;;;;;;;;;;
distributed_command_posts;Distributed Command Posts;;;;;;;;;;;;x,,,,,,,;;;;;;;;;;;;;;;;
distributed_command_posts_desc;Redundant command infrastructure improves battlefield resilience and continuity under attack.;;;;;;;;;;;;x,,,,,;;;;;;;;;;;;;;;
tactical_data_links;Tactical Data Links;;;;;;;;;;;;x,,,,,,,;;;;;;;;;;;;;;;;
tactical_data_links_desc;Rapid information sharing between formations improves reaction speed and combined-arms coordination.;;;;;;;;;;;;x,,,,,;;;;;;;;;;;;;;;
battlefield_signal_jamming;Battlefield Signal Jamming;;;;;;;;;;;;x,,,,,,,;;;;;;;;;;;;;;;;
battlefield_signal_jamming_desc;Electronic disruption capabilities degrade enemy coordination and reduce operational effectiveness.;;;;;;;;;;;;x,,,,,;;;;;;;;;;;;;;;
hardened_communications;Hardened Communications;;;;;;;;;;;;x,,,,,,,;;;;;;;;;;;;;;;;
hardened_communications_desc;Protected communication protocols and hardened equipment preserve command reliability in contested environments.;;;;;;;;;;;;x,,,,,;;;;;;;;;;;;;;;
real_time_fleet_tracking;Real-time Fleet Tracking;;;;;;;;;;;;x,,,,,,,;;;;;;;;;;;;;;;;
real_time_fleet_tracking_desc;Integrated naval surveillance networks improve tracking, routing and interception across wide maritime theaters.;;;;;;;;;;;;x,,,,,;;;;;;;;;;;;;;;
coordinated_missile_screening;Coordinated Missile Screening;;;;;;;;;;;;x,,,,,,,;;;;;;;;;;;;;;;;
coordinated_missile_screening_desc;Layered naval defense doctrine improves interception coordination against high-speed missile threats.;;;;;;;;;;;;x,,,,,;;;;;;;;;;;;;;;
distributed_factory_control;Distributed Factory Control;;;;;;;;;;;;x,,,,,,,;;;;;;;;;;;;;;;;
distributed_factory_control_desc;Interconnected control systems synchronize factory processes and reduce downtime across industrial regions.;;;;;;;;;;;;x,,,,,;;;;;;;;;;;;;;;
adaptive_supply_chains;Adaptive Supply Chains;;;;;;;;;;;;x,,,,,,,;;;;;;;;;;;;;;;;
adaptive_supply_chains_desc;Dynamic planning systems react quickly to disruptions and improve continuity of strategic production.;;;;;;;;;;;;x,,,,,;;;;;;;;;;;;;;;
evidence_based_education;Evidence-based Education;;;;;;;;;;;;x,,,,,,,;;;;;;;;;;;;;;;;
evidence_based_education_desc;Education policy guided by measured outcomes improves literacy, training quality and long-term productivity.;;;;;;;;;;;;x,,,,,;;;;;;;;;;;;;;;
mass_media_literacy;Mass Media Literacy;;;;;;;;;;;;x,,,,,,,;;;;;;;;;;;;;;;;
mass_media_literacy_desc;Critical media education improves social resilience and public understanding in modern information environments.;;;;;;;;;;;;x,,,,,;;;;;;;;;;;;;;;
automated_convoy_routing;Automated Convoy Routing;;;;;;;;;;;;x,,,,,,,;;;;;;;;;;;;;;;;
automated_convoy_routing_desc;Automated route optimization improves convoy efficiency and reduces exposure in contested sea lanes.;;;;;;;;;;;;x,,,,,;;;;;;;;;;;;;;;
integrated_fleet_air_defense;Integrated Fleet Air Defense;;;;;;;;;;;;x,,,,,,,;;;;;;;;;;;;;;;;
integrated_fleet_air_defense_desc;Coordinated fleet air-defense doctrine improves survivability against modern aerial and missile threats.;;;;;;;;;;;;x,,,,,;;;;;;;;;;;;;;;
predictive_maintenance_systems;Predictive Maintenance Systems;;;;;;;;;;;;x,,,,,,,;;;;;;;;;;;;;;;;
predictive_maintenance_systems_desc;Data-driven maintenance cycles reduce industrial downtime and improve effective production capacity.;;;;;;;;;;;;x,,,,,;;;;;;;;;;;;;;;
national_industrial_data_grid;National Industrial Data Grid;;;;;;;;;;;;x,,,,,,,;;;;;;;;;;;;;;;;
national_industrial_data_grid_desc;A national production data network enables faster coordination of resources, transport and manufacturing priorities.;;;;;;;;;;;;x,,,,,;;;;;;;;;;;;;;;
policy_feedback_institutes;Policy Feedback Institutes;;;;;;;;;;;;x,,,,,,,;;;;;;;;;;;;;;;;
policy_feedback_institutes_desc;Dedicated policy-evaluation institutions improve reform quality through continuous empirical feedback.;;;;;;;;;;;;x,,,,,;;;;;;;;;;;;;;;
social_impact_modeling;Social Impact Modeling;;;;;;;;;;;;x,,,,,,,;;;;;;;;;;;;;;;;
social_impact_modeling_desc;Quantitative social modeling improves policy targeting and anticipation of political side effects.;;;;;;;;;;;;x,,,,,;;;;;;;;;;;;;;;
joint_operations_coordination;Joint Operations Coordination;;;;;;;;;;;;x,,,,,,,;;;;;;;;;;;;;;;
joint_operations_coordination_desc;Standardized inter-service command practices improve coordination between infantry, armored and air formations.;;;;;;;;;;;;x,,,,,;;;;;;;;;;;;;;;
secure_battle_networks;Secure Battle Networks;;;;;;;;;;;;x,,,,,,,;;;;;;;;;;;;;;;
secure_battle_networks_desc;Protected military communication networks improve command continuity under contested conditions.;;;;;;;;;;;;x,,,,,;;;;;;;;;;;;;;;
integrated_command_uplinks;Integrated Command Uplinks;;;;;;;;;;;;x,,,,,,,;;;;;;;;;;;;;;;
integrated_command_uplinks_desc;Reliable theater-wide uplinks improve decision speed and force synchronization in fast-moving campaigns.;;;;;;;;;;;;x,,,,,;;;;;;;;;;;;;;;
combined_theater_doctrine;Combined Theater Doctrine;;;;;;;;;;;;x,,,,,,,;;;;;;;;;;;;;;;
combined_theater_doctrine_desc;Integrated doctrine aligns land and air components for sustained operational pressure in modern warfare.;;;;;;;;;;;;x,,,,,;;;;;;;;;;;;;;;
integrated_trade_platforms;Integrated Trade Platforms;;;;;;;;;;;;x,,,,,,,;;;;;;;;;;;;;;;
integrated_trade_platforms_desc;Unified domestic trading platforms reduce transaction friction and improve industrial procurement reliability.;;;;;;;;;;;;x,,,,,;;;;;;;;;;;;;;;
national_logistics_exchanges;National Logistics Exchanges;;;;;;;;;;;;x,,,,,,,;;;;;;;;;;;;;;;
national_logistics_exchanges_desc;Coordinated logistics exchanges improve national distribution efficiency and reduce strategic bottlenecks.;;;;;;;;;;;;x,,,,,;;;;;;;;;;;;;;;
macroeconomic_modeling_bureaus;Macroeconomic Modeling Bureaus;;;;;;;;;;;;x,,,,,,,;;;;;;;;;;;;;;;
macroeconomic_modeling_bureaus_desc;Dedicated policy modeling bureaus improve fiscal planning and macroeconomic stability management.;;;;;;;;;;;;x,,,,,;;;;;;;;;;;;;;;
resilient_credit_frameworks;Resilient Credit Frameworks;;;;;;;;;;;;x,,,,,,,;;;;;;;;;;;;;;;
resilient_credit_frameworks_desc;Stronger credit-governance frameworks improve market confidence and industrial financing continuity.;;;;;;;;;;;;x,,,,,;;;;;;;;;;;;;;;
expeditionary_joint_command_program;Expeditionary Joint Command Program;;;;;;;;;;;;x,,,,,,,;;;;;;;;;;;;;;;
expeditionary_joint_command_program_desc;Primary invention linked to expeditionary joint command with moderate systemic impact.;;;;;;;;;;;;x,,,,,;;;;;;;;;;;;;;;
integrated_theater_logistics_program;Integrated Theater Logistics Program;;;;;;;;;;;;x,,,,,,,;;;;;;;;;;;;;;;
integrated_theater_logistics_program_desc;Primary invention linked to integrated theater logistics with moderate systemic impact.;;;;;;;;;;;;x,,,,,;;;;;;;;;;;;;;;
selective_fire_modernization_program;Selective Fire Modernization Program;;;;;;;;;;;;x,,,,,,,;;;;;;;;;;;;;;;
selective_fire_modernization_program_desc;Primary invention linked to selective fire modernization with moderate systemic impact.;;;;;;;;;;;;x,,,,,;;;;;;;;;;;;;;;
modular_infantry_doctrine_program;Modular Infantry Doctrine Program;;;;;;;;;;;;x,,,,,,,;;;;;;;;;;;;;;;
modular_infantry_doctrine_program_desc;Primary invention linked to modular infantry doctrine with moderate systemic impact.;;;;;;;;;;;;x,,,,,;;;;;;;;;;;;;;;
composite_armor_doctrine_program;Composite Armor Doctrine Program;;;;;;;;;;;;x,,,,,,,;;;;;;;;;;;;;;;
composite_armor_doctrine_program_desc;Primary invention linked to composite armor doctrine with moderate systemic impact.;;;;;;;;;;;;x,,,,,;;;;;;;;;;;;;;;
hardened_armored_formations_program;Hardened Armored Formations Program;;;;;;;;;;;;x,,,,,,,;;;;;;;;;;;;;;;
hardened_armored_formations_program_desc;Primary invention linked to hardened armored formations with moderate systemic impact.;;;;;;;;;;;;x,,,,,;;;;;;;;;;;;;;;
battlefield_surveillance_networks_program;Battlefield Surveillance Networks Program;;;;;;;;;;;;x,,,,,,,;;;;;;;;;;;;;;;
battlefield_surveillance_networks_program_desc;Primary invention linked to battlefield surveillance networks with moderate systemic impact.;;;;;;;;;;;;x,,,,,;;;;;;;;;;;;;;;
strategic_sensor_fusion_program;Strategic Sensor Fusion Program;;;;;;;;;;;;x,,,,,,,;;;;;;;;;;;;;;;
strategic_sensor_fusion_program_desc;Primary invention linked to strategic sensor fusion with moderate systemic impact.;;;;;;;;;;;;x,,,,,;;;;;;;;;;;;;;;
fleet_replenishment_doctrine_program;Fleet Replenishment Doctrine Program;;;;;;;;;;;;x,,,,,,,;;;;;;;;;;;;;;;
fleet_replenishment_doctrine_program_desc;Primary invention linked to fleet replenishment doctrine with moderate systemic impact.;;;;;;;;;;;;x,,,,,;;;;;;;;;;;;;;;
integrated_fleet_logistics_program;Integrated Fleet Logistics Program;;;;;;;;;;;;x,,,,,,,;;;;;;;;;;;;;;;
integrated_fleet_logistics_program_desc;Primary invention linked to integrated fleet logistics with moderate systemic impact.;;;;;;;;;;;;x,,,,,;;;;;;;;;;;;;;;
global_naval_readiness_program;Global Naval Readiness Program;;;;;;;;;;;;x,,,,,,,;;;;;;;;;;;;;;;
global_naval_readiness_program_desc;Primary invention linked to global naval readiness with moderate systemic impact.;;;;;;;;;;;;x,,,,,;;;;;;;;;;;;;;;
carrier_task_force_screening_program;Carrier Task Force Screening Program;;;;;;;;;;;;x,,,,,,,;;;;;;;;;;;;;;;
carrier_task_force_screening_program_desc;Primary invention linked to carrier task force screening with moderate systemic impact.;;;;;;;;;;;;x,,,,,;;;;;;;;;;;;;;;
carrier_group_air_coordination_program;Carrier Group Air Coordination Program;;;;;;;;;;;;x,,,,,,,;;;;;;;;;;;;;;;
carrier_group_air_coordination_program_desc;Primary invention linked to carrier group air coordination with moderate systemic impact.;;;;;;;;;;;;x,,,,,;;;;;;;;;;;;;;;
carrier_battle_group_operations_program;Carrier Battle Group Operations Program;;;;;;;;;;;;x,,,,,,,;;;;;;;;;;;;;;;
carrier_battle_group_operations_program_desc;Primary invention linked to carrier battle group operations with moderate systemic impact.;;;;;;;;;;;;x,,,,,;;;;;;;;;;;;;;;
modular_shipyard_layouts_program;Modular Shipyard Layouts Program;;;;;;;;;;;;x,,,,,,,;;;;;;;;;;;;;;;
modular_shipyard_layouts_program_desc;Primary invention linked to modular shipyard layouts with moderate systemic impact.;;;;;;;;;;;;x,,,,,;;;;;;;;;;;;;;;
automated_damage_control_program;Automated Damage Control Program;;;;;;;;;;;;x,,,,,,,;;;;;;;;;;;;;;;
automated_damage_control_program_desc;Primary invention linked to automated damage control with moderate systemic impact.;;;;;;;;;;;;x,,,,,;;;;;;;;;;;;;;;
resilient_naval_systems_program;Resilient Naval Systems Program;;;;;;;;;;;;x,,,,,,,;;;;;;;;;;;;;;;
resilient_naval_systems_program_desc;Primary invention linked to resilient naval systems with moderate systemic impact.;;;;;;;;;;;;x,,,,,;;;;;;;;;;;;;;;
convoy_hunter_killer_groups_program;Convoy Hunter Killer Groups Program;;;;;;;;;;;;x,,,,,,,;;;;;;;;;;;;;;;
convoy_hunter_killer_groups_program_desc;Primary invention linked to convoy hunter killer groups with moderate systemic impact.;;;;;;;;;;;;x,,,,,;;;;;;;;;;;;;;;
long_range_asw_coordination_program;Long Range Asw Coordination Program;;;;;;;;;;;;x,,,,,,,;;;;;;;;;;;;;;;
long_range_asw_coordination_program_desc;Primary invention linked to long range asw coordination with moderate systemic impact.;;;;;;;;;;;;x,,,,,;;;;;;;;;;;;;;;
oceanic_asw_networks_program;Oceanic Asw Networks Program;;;;;;;;;;;;x,,,,,,,;;;;;;;;;;;;;;;
oceanic_asw_networks_program_desc;Primary invention linked to oceanic asw networks with moderate systemic impact.;;;;;;;;;;;;x,,,,,;;;;;;;;;;;;;;;
transnational_banking_standards_program;Transnational Banking Standards Program;;;;;;;;;;;;x,,,,,,,;;;;;;;;;;;;;;;
transnational_banking_standards_program_desc;Primary invention linked to transnational banking standards with moderate systemic impact.;;;;;;;;;;;;x,,,,,;;;;;;;;;;;;;;;
sovereign_liquidity_backstops_program;Sovereign Liquidity Backstops Program;;;;;;;;;;;;x,,,,,,,;;;;;;;;;;;;;;;
sovereign_liquidity_backstops_program_desc;Primary invention linked to sovereign liquidity backstops with moderate systemic impact.;;;;;;;;;;;;x,,,,,;;;;;;;;;;;;;;;
automated_clearing_houses_program;Automated Clearing Houses Program;;;;;;;;;;;;x,,,,,,,;;;;;;;;;;;;;;;
automated_clearing_houses_program_desc;Primary invention linked to automated clearing houses with moderate systemic impact.;;;;;;;;;;;;x,,,,,;;;;;;;;;;;;;;;
national_payment_resilience_program;National Payment Resilience Program;;;;;;;;;;;;x,,,,,,,;;;;;;;;;;;;;;;
national_payment_resilience_program_desc;Primary invention linked to national payment resilience with moderate systemic impact.;;;;;;;;;;;;x,,,,,;;;;;;;;;;;;;;;
macro_stabilization_frameworks_program;Macro Stabilization Frameworks Program;;;;;;;;;;;;x,,,,,,,;;;;;;;;;;;;;;;
macro_stabilization_frameworks_program_desc;Primary invention linked to macro stabilization frameworks with moderate systemic impact.;;;;;;;;;;;;x,,,,,;;;;;;;;;;;;;;;
institutional_macro_coordination_program;Institutional Macro Coordination Program;;;;;;;;;;;;x,,,,,,,;;;;;;;;;;;;;;;
institutional_macro_coordination_program_desc;Primary invention linked to institutional macro coordination with moderate systemic impact.;;;;;;;;;;;;x,,,,,;;;;;;;;;;;;;;;
national_competition_policy_program;National Competition Policy Program;;;;;;;;;;;;x,,,,,,,;;;;;;;;;;;;;;;
national_competition_policy_program_desc;Primary invention linked to national competition policy with moderate systemic impact.;;;;;;;;;;;;x,,,,,;;;;;;;;;;;;;;;
competitive_market_governance_program;Competitive Market Governance Program;;;;;;;;;;;;x,,,,,,,;;;;;;;;;;;;;;;
competitive_market_governance_program_desc;Primary invention linked to competitive market governance with moderate systemic impact.;;;;;;;;;;;;x,,,,,;;;;;;;;;;;;;;;
documentary_realism_program;Documentary Realism Program;;;;;;;;;;;;x,,,,,,,;;;;;;;;;;;;;;;
documentary_realism_program_desc;Primary invention linked to documentary realism with moderate systemic impact.;;;;;;;;;;;;x,,,,,;;;;;;;;;;;;;;;
new_wave_realism_program;New Wave Realism Program;;;;;;;;;;;;x,,,,,,,;;;;;;;;;;;;;;;
new_wave_realism_program_desc;Primary invention linked to new wave realism with moderate systemic impact.;;;;;;;;;;;;x,,,,,;;;;;;;;;;;;;;;
civic_media_institutions_program;Civic Media Institutions Program;;;;;;;;;;;;x,,,,,,,;;;;;;;;;;;;;;;
civic_media_institutions_program_desc;Primary invention linked to civic media institutions with moderate systemic impact.;;;;;;;;;;;;x,,,,,;;;;;;;;;;;;;;;
applied_epistemology_program;Applied Epistemology Program;;;;;;;;;;;;x,,,,,,,;;;;;;;;;;;;;;;
applied_epistemology_program_desc;Primary invention linked to applied epistemology with moderate systemic impact.;;;;;;;;;;;;x,,,,,;;;;;;;;;;;;;;;
systems_philosophy_program;Systems Philosophy Program;;;;;;;;;;;;x,,,,,,,;;;;;;;;;;;;;;;
systems_philosophy_program_desc;Primary invention linked to systems philosophy with moderate systemic impact.;;;;;;;;;;;;x,,,,,;;;;;;;;;;;;;;;
pragmatic_systems_theory_program;Pragmatic Systems Theory Program;;;;;;;;;;;;x,,,,,,,;;;;;;;;;;;;;;;
pragmatic_systems_theory_program_desc;Primary invention linked to pragmatic systems theory with moderate systemic impact.;;;;;;;;;;;;x,,,,,;;;;;;;;;;;;;;;
public_school_networks_program;Public School Networks Program;;;;;;;;;;;;x,,,,,,,;;;;;;;;;;;;;;;
public_school_networks_program_desc;Primary invention linked to public school networks with moderate systemic impact.;;;;;;;;;;;;x,,,,,;;;;;;;;;;;;;;;
comparative_education_systems_program;Comparative Education Systems Program;;;;;;;;;;;;x,,,,,,,;;;;;;;;;;;;;;;
comparative_education_systems_program_desc;Primary invention linked to comparative education systems with moderate systemic impact.;;;;;;;;;;;;x,,,,,;;;;;;;;;;;;;;;
universal_civic_schooling_program;Universal Civic Schooling Program;;;;;;;;;;;;x,,,,,,,;;;;;;;;;;;;;;;
universal_civic_schooling_program_desc;Primary invention linked to universal civic schooling with moderate systemic impact.;;;;;;;;;;;;x,,,,,;;;;;;;;;;;;;;;
multilateral_diplomatic_forums_program;Multilateral Diplomatic Forums Program;;;;;;;;;;;;x,,,,,,,;;;;;;;;;;;;;;;
multilateral_diplomatic_forums_program_desc;Primary invention linked to multilateral diplomatic forums with moderate systemic impact.;;;;;;;;;;;;x,,,,,;;;;;;;;;;;;;;;
treaty_institutionalism_program;Treaty Institutionalism Program;;;;;;;;;;;;x,,,,,,,;;;;;;;;;;;;;;;
treaty_institutionalism_program_desc;Primary invention linked to treaty institutionalism with moderate systemic impact.;;;;;;;;;;;;x,,,,,;;;;;;;;;;;;;;;
rules_based_diplomatic_order_program;Rules Based Diplomatic Order Program;;;;;;;;;;;;x,,,,,,,;;;;;;;;;;;;;;;
rules_based_diplomatic_order_program_desc;Primary invention linked to rules based diplomatic order with moderate systemic impact.;;;;;;;;;;;;x,,,,,;;;;;;;;;;;;;;;
civilian_nuclear_grid_program;Civilian Nuclear Grid Program;;;;;;;;;;;;x,,,,,,,;;;;;;;;;;;;;;;
civilian_nuclear_grid_program_desc;Primary invention linked to civilian nuclear grid with moderate systemic impact.;;;;;;;;;;;;x,,,,,;;;;;;;;;;;;;;;
grid_interconnection_standards_program;Grid Interconnection Standards Program;;;;;;;;;;;;x,,,,,,,;;;;;;;;;;;;;;;
grid_interconnection_standards_program_desc;Primary invention linked to grid interconnection standards with moderate systemic impact.;;;;;;;;;;;;x,,,,,;;;;;;;;;;;;;;;
resilient_baseload_planning_program;Resilient Baseload Planning Program;;;;;;;;;;;;x,,,,,,,;;;;;;;;;;;;;;;
resilient_baseload_planning_program_desc;Primary invention linked to resilient baseload planning with moderate systemic impact.;;;;;;;;;;;;x,,,,,;;;;;;;;;;;;;;;
precision_tooling_program;Precision Tooling Program;;;;;;;;;;;;x,,,,,,,;;;;;;;;;;;;;;;
precision_tooling_program_desc;Primary invention linked to precision tooling with moderate systemic impact.;;;;;;;;;;;;x,,,,,;;;;;;;;;;;;;;;
numerically_controlled_machining_program;Numerically Controlled Machining Program;;;;;;;;;;;;x,,,,,,,;;;;;;;;;;;;;;;
numerically_controlled_machining_program_desc;Primary invention linked to numerically controlled machining with moderate systemic impact.;;;;;;;;;;;;x,,,,,;;;;;;;;;;;;;;;
adaptive_precision_manufacturing_program;Adaptive Precision Manufacturing Program;;;;;;;;;;;;x,,,,,,,;;;;;;;;;;;;;;;
adaptive_precision_manufacturing_program_desc;Primary invention linked to adaptive precision manufacturing with moderate systemic impact.;;;;;;;;;;;;x,,,,,;;;;;;;;;;;;;;;
geophysical_prospecting_program;Geophysical Prospecting Program;;;;;;;;;;;;x,,,,,,,;;;;;;;;;;;;;;;
geophysical_prospecting_program_desc;Primary invention linked to geophysical prospecting with moderate systemic impact.;;;;;;;;;;;;x,,,,,;;;;;;;;;;;;;;;
high_temperature_alloys_program;High Temperature Alloys Program;;;;;;;;;;;;x,,,,,,,;;;;;;;;;;;;;;;
high_temperature_alloys_program_desc;Primary invention linked to high temperature alloys with moderate systemic impact.;;;;;;;;;;;;x,,,,,;;;;;;;;;;;;;;;
strategic_materials_engineering_program;Strategic Materials Engineering Program;;;;;;;;;;;;x,,,,,,,;;;;;;;;;;;;;;;
strategic_materials_engineering_program_desc;Primary invention linked to strategic materials engineering with moderate systemic impact.;;;;;;;;;;;;x,,,,,;;;;;;;;;;;;;;;
arterial_logistics_planning_program;Arterial Logistics Planning Program;;;;;;;;;;;;x,,,,,,,;;;;;;;;;;;;;;;
arterial_logistics_planning_program_desc;Primary invention linked to arterial logistics planning with moderate systemic impact.;;;;;;;;;;;;x,,,,,;;;;;;;;;;;;;;;
containerized_freight_networks_program;Containerized Freight Networks Program;;;;;;;;;;;;x,,,,,,,;;;;;;;;;;;;;;;
containerized_freight_networks_program_desc;Primary invention linked to containerized freight networks with moderate systemic impact.;;;;;;;;;;;;x,,,,,;;;;;;;;;;;;;;;
integrated_freight_corridors_program;Integrated Freight Corridors Program;;;;;;;;;;;;x,,,,,,,;;;;;;;;;;;;;;;
integrated_freight_corridors_program_desc;Primary invention linked to integrated freight corridors with moderate systemic impact.;;;;;;;;;;;;x,,,,,;;;;;;;;;;;;;;;
