#tank;#Light Armor;;;;;;;;;;;x;;
tank_modernization;Tank Modernization;;;;;;;;;;;;x;
great_war_entrenchment;Great War Defensive Doctrine;;;;;;;;;;;;x;
supercarrier_ships;Supercarrier Ships;;;;;;;;;;;;x;
mobile_capital_ships;Mobile Capital Ships;;;;;;;;;;;;x;
sealift_doctrine;Sea-lift Doctrine;;;;;;;;;;;;x;
global_fleet_doctrine;Global Fleet Doctrine;;;;;;;;;;;;x;
nuclear_doctrine;Nuclear Doctrine;;;;;;;;;;;;x;
asymmetric_warfare_doctrine;Asymmetric Warfare Doctrine;;;;;;;;;;;;x;
roaring_twenties;Roaring Twenties Culture;;;;;;;;;;;;x;
depression_expression;Depression Expression;;;;;;;;;;;;x;
reformative_movements;Reformative Movements;;;;;;;;;;;;x;
scientific_philosophy;Scientific Philosophy;;;;;;;;;;;;x;
aircraftcarrier;Aircraft Carrier;;;;;;;;;;;x;;
submarine;Submarine;;U-Boat;;;;;;;;;;;x
submarines;Submarines;Sous-marins;U-Boote;;Submarinos;;;;;;;;;x
submarines_desc;Submarines are small boats equipped with torpedoes and a gun. They are submergible, but to attack they still have to go to the surface.;Les sous-marins sont de petits bâtiments équipés de torpilles et d'un canon. Ils sont submersibles, mais doivent faire surface pour attaquer.;U-Boote sind mit Torpedos und einem Geschütz ausgerüstete Kleinschiffe. Sie können abtauchen, müssen zum Abgriff aber auftauchen.;;Los submarinos son pequeñas naves equipadas con torpedos y un cañón. Son sumergibles, pero todavía tienen que subir a la superficie para atacar.;;;;;;;;;x
advanced_submarines;Advanced Submarines;Sous-marins avancés;Fortschrittliche U-Boote;;Submarinos avanzados;;;;;;;;;x
advanced_submarines_desc;The lessons learned from submarine warfare during the First World War were applied to submarine construction in the 1920s and 1930s, further enhancing the submarine as a weapon of naval warfare.;Les enseignements tirés de la guerre sous-marine du premier conflit mondial furent appliqués à la construction de sous-marins dans les années 1920 et 1930 et renforcèrent le sous-marin en tant qu'arme de guerre navale.;Die Erfahrungen des ersten Weltkriegs flossen in den 1920er und 1930er Jahren in den U-Boot-Bau ein, wodurch diese Schiffe für die Seekriegsführung noch bedeutender wurden.;;Las lecciones extraídas de la Primera Guerra Mundial se aplicaron a la construcción de submarinos durante los años 20 y 30, que vivieron un desarrollo aún mayor de este tipo de buques como armas de guerra.;;;;;;;;;x
ocean_going_submarines;Ocean-Going Submarines;Sous-marins de haute mer;Hochsee-U-Boote;;Submarinos oceánicos;;;;;;;;;x
ocean_going_submarines_desc;Submarine design continued to improve in the early 20th-century, to the point where submarines became able to spend significant amounts of time at sea, allowing them to intercept enemy warships and shipping at a significant distance from home bases.;La conception des sous-marins a continué de s'améliorer au début du 20e siècle, en un point où les sous-marins sont devenus capable de passer beaucoup de temps en mer, leur permettant d'intercepter les navires de guerre ennemis et d'entreprendre des expéditions à grande distance de leurs bases d'attache. ;Das U-Boot-Design wurde im frühen 20. Jahrhundert so weit verbessert, dass U-Boote beträchtliche Zeit auf See verbringen konnten. Dies ermöglichte ihnen, feindliche Kriegs- und Handelsschiffe weit vor deren Heimatstützpunkten abzufangen.;;El diseño de submarinos continuó mejorando a comienzos del siglo XX, hasta llegar a buques capaces de permanecer periodos significativos en el mar, lo que les permitía interceptar a los barcos de guerra enemigos y operar a gran distancia de sus bases.;;;;;;;;;x
interstate_roads;Interstate Highway System;;;;;;;;;;;;x;
national_highway_system;National Freeway System;;;;;;;;;;;;x;
combined_arms;Combined Arms;;;;;;;;;;;;x;
divisional_armament;Divisional Armament;;;;;;;;;;;;x;
automatic_infantry_weapons;Automatic Infantry Weapons;;;;;;;;;;;;x;
heavy_explosive_ordnance;Heavy Explosive Ordnance;;;;;;;;;;;;x;
rocket_propelled_artillery;Rocket-Propelled Artillery;;;;;;;;;;;;x;
guided_missile_systems;Guided Missile Systems;;;;;;;;;;;;x;
experimental_radar;Experimental Radar;;;;;;;;;;;;x;
advanced_radar_applications;Advanced Radar Applications;;;;;;;;;;;;x;
electronic_warfare_systems;Electronic Warfare Systems;;;;;;;;;;;;x;
combined_arms_maneuver;Combined Arms Maneuver;;;;;;;;;;;;x;
global_military_tactics;Global Military Tactics;;;;;;;;;;;;x;
decentralized_command_systems;Decentralized Command Systems;;;;;;;;;;;;x;
mechanized_naval_production;Mechanized Naval Production;;;;;;;;;;;;x;
automated_naval_design;Automated Naval Design;;;;;;;;;;;;x;
experimental_sonar_applications;Experimental Sonar Applications;;;;;;;;;;;;x;
advanced_sonar_integration;Advanced Sonar Integration;;;;;;;;;;;;x;
fleetwide_coordination;Fleet-wide Coordination;;;;;;;;;;;;x;
globalized_fleet_command;Globalized Fleet Command;;;;;;;;;;;;x;
# legacy unit-label keys kept for compatibility; heavy/mechanized UI chain is currently disabled
mechanizedinfantry;Mechanized Infantry;;;;;;;;;;;x;;
heavytank;Heavy Armor;;;;;;;;;;;x;;
mechanized_units;Mechanized Units;;;;;;;;;;;;x;
international_stock_exchange;International Stock Exchange;;;;;;;;;;;;x;
bond_markets;Bond Markets;;;;;;;;;;;;x;
global_capital_markets;Global Capital Markets;;;;;;;;;;;;x;
fractional_reserve_banking;Fractional Reserve Banking;;;;;;;;;;;;x;
modern_cheque;Modern Cheque;;;;;;;;;;;;x;
electronic_fund_transfers;Electronic Fund Transfers;;;;;;;;;;;;x;
global_market_economics;Global Market Economics;;;;;;;;;;;;x;
institutional_economics;Institutional Economics;;;;;;;;;;;;x;
development_economics;Development Economics;;;;;;;;;;;;x;
market_socialism;Market Socialism;;;;;;;;;;;;x;
labour_laws;Labour Laws;;;;;;;;;;;;x;
consumer_protection_laws;Consumer Protection Laws;;;;;;;;;;;;x;
human_resource_management;Human Resource Management;;;;;;;;;;;;x;
benchmarking;Benchmarking;;;;;;;;;;;;x;
operational_research;Operational Research;;;;;;;;;;;;x;
universal_education;Universal Education;;;;;;;;;;;;x;
mass_state_media;Mass State Media;;;;;;;;;;;;x;
international_protocol;International Protocol;;;;;;;;;;;;x;
media_psychology;Media Psychology;;;;;;;;;;;;x;
hydropower;Hydropower;;;;;;;;;;;;x;
nuclear_reactor;Nuclear Reactors;;;;;;;;;;;;x;
optimized_assembly;Optimized Assembly;;;;;;;;;;;;x;
automated_assemblyline;Automated Assembly Line;;;;;;;;;;;;x;
borosilicate_glass;Borosilicate Glass;;;;;;;;;;;;x;
advanced_subsurface_mining;Advanced Sub-surface Mining;;;;;;;;;;;;x;
electrochemical_cell;Electro-chemical Cell;;;;;;;;;;;;x;
electronic_circuit;Electronic Circuit;;;;;;;;;;;;x;
mechanized_units_desc;With technological advances in armor, and the coming of automobiles, units that use these technologies have become increasingly more common place, ready to assume their role on the battlefield.;;;;;;;;;;;;x;
tank_modernization_desc;Light Armor has assumed a place in our armies for a fair length of time, however, with further advances in armor designs, even more robust armor may now be deployed on the battlefield.;;;;;;;;;;;;x;
combined_assault;Combined Assault;;;;;;;;;;;;x;
combined_assault_desc;Advanced in battlefield innovations have allowed for a greater firepower.;;;;;;;;;;;;x;
combined_arms_firepower;Combined Arms Firepower;;;;;;;;;;;;x;
combined_arms_firepower_desc;Advances in the technological prowess of our more modern troops in the field of battle has increased their innate technological advantage.;;;;;;;;;;;;x;
combined_arms_regiments;Combined Arms Regiments;;;;;;;;;;;;x;
combined_arms_regiments_desc;Increased integration of different mechanized units has allowed for greater superiority on the battlefield.;;;;;;;;;;;;x;
integrated_naval_command;Integrated Naval Command;;;;;;;;;;;;x;
integrated_naval_command_desc;Global communication, standardized procedures and integrated fleet doctrine let admiralties coordinate dispersed task forces with far greater efficiency.;;;;;;;;;;;;x;
integrated_microelectronics;Integrated Microelectronics;;;;;;;;;;;;x;
integrated_microelectronics_desc;Miniaturized electronics and integrated circuitry improve industrial precision, control systems and logistic planning at national scale.;;;;;;;;;;;;x;
cognitive_science;Cognitive Science;;;;;;;;;;;;x;
cognitive_science_desc;A more rigorous science of cognition expands education methods, planning and organizational effectiveness across both civilian and military institutions.;;;;;;;;;;;;x;
satellite_naval_coordination;Satellite Naval Coordination;;;;;;;;;;;;x;
satellite_naval_coordination_desc;Satellite-assisted command and maritime surveillance provide fleets with faster targeting updates and stronger operational coordination.;;;;;;;;;;;;x;
industrial_automation_networks;Industrial Automation Networks;;;;;;;;;;;;x;
industrial_automation_networks_desc;Networked automation and feedback control integrate factories and logistics into a more efficient industrial system.;;;;;;;;;;;;x;
applied_cognitive_policy;Applied Cognitive Policy;;;;;;;;;;;;x;
applied_cognitive_policy_desc;Governments and institutions apply cognitive research directly to education, administration and social policy design.;;;;;;;;;;;;x;
autonomous_fleet_doctrine;Autonomous Fleet Doctrine;;;;;;;;;;;;x;
autonomous_fleet_doctrine_desc;Advanced command automation and doctrinal integration improve naval tempo, coordination and survivability in modern maritime warfare.;;;;;;;;;;;;x;
cybernetic_industrial_planning;Cybernetic Industrial Planning;;;;;;;;;;;;x;
cybernetic_industrial_planning_desc;Cybernetic planning models and national production data improve industrial responsiveness, throughput and system resilience.;;;;;;;;;;;;x;
behavioral_systems_analysis;Behavioral Systems Analysis;;;;;;;;;;;;x;
behavioral_systems_analysis_desc;Large-scale behavioral analysis refines public policy design and improves institutional adaptation in complex societies.;;;;;;;;;;;;x;
asymmetric_warfare_doctrine_desc;Doctrines centered on dispersed operations, local initiative and asymmetrical responses improve flexibility in modern conflicts.;;;;;;;;;;;;x;
automatic_infantry_weapons_desc;Standardized automatic infantry armament improves sustained firepower and tactical responsiveness at squad level.;;;;;;;;;;;;x;
guided_missile_systems_desc;Guided munitions and missile doctrine extend strike reach and increase effectiveness against armored and strategic targets.;;;;;;;;;;;;x;
decentralized_command_systems_desc;Distributed command structures improve battlefield resilience and accelerate decision cycles in fluid combat situations.;;;;;;;;;;;;x;
electronic_warfare_systems_desc;Electronic warfare capabilities disrupt enemy communications and sensors while hardening friendly command networks.;;;;;;;;;;;;x;
global_capital_markets_desc;Integrated global finance improves access to capital and expands long-range industrial investment capacity.;;;;;;;;;;;;x;
electronic_fund_transfers_desc;Electronic payment and settlement systems accelerate transactions and improve financial efficiency across the economy.;;;;;;;;;;;;x;
development_economics_desc;Applied development theory strengthens state capacity to modernize industry, infrastructure and human capital.;;;;;;;;;;;;x;
consumer_protection_laws_desc;Regulatory protections improve product standards and consumer confidence in increasingly complex mass markets.;;;;;;;;;;;;x;
operational_research_desc;Quantitative planning and optimization methods improve logistical efficiency and strategic resource allocation.;;;;;;;;;;;;x;
social_psychology_advanced;Social Psychology;;;;;;;;;;;;x;
social_psychology_advanced_desc;Social psychology is the scientific study of how we think about, influence and relate to one another.;;;;;;;;;;;;x;
deep_shaft_ventilation;Deep-Shaft Ventilation;;;;;;;;;;;;x;
deep_shaft_ventilation_desc;Improved ventilation systems for deep mines reduce operational limits and stabilize extraction in difficult underground conditions.;;;;;;;;;;;;x;
highway_logistics_corridors;Highway Logistics Corridors;;;;;;;;;;;;x;
highway_logistics_corridors_desc;Coordinated freight corridors built around national highways improve strategic overland supply and reduce movement friction.;;;;;;;;;;;;x;
intermodal_freight_terminals;Intermodal Freight Terminals;;;;;;;;;;;;x;
intermodal_freight_terminals_desc;Linking road, rail and industrial depots improves input efficiency and resource throughput across the domestic economy.;;;;;;;;;;;;x;
mass_opinion_research;Mass Opinion Research;;;;;;;;;;;;x;
mass_opinion_research_desc;Systematic polling and social attitude studies improve policy feedback and strengthen the research culture of modern institutions.;;;;;;;;;;;;x;
applied_social_psychology;Applied Social Psychology;;;;;;;;;;;;x;
applied_social_psychology_desc;Applying social-psychological methods to education and public administration modestly improves social awareness and institutional learning.;;;;;;;;;;;;x;
fleet_signal_standardization;Fleet Signal Standardization;;;;;;;;;;;;x;
fleet_signal_standardization_desc;Standardized fleet signalling and command procedures improve naval cohesion and blockade execution across large theaters.;;;;;;;;;;;;x;
layered_screening_doctrine;Layered Screening Doctrine;;;;;;;;;;;;x;
layered_screening_doctrine_desc;Layered escort screens improve task-force protection and maritime scouting against submarine threats.;;;;;;;;;;;;x;
anti_submarine_patrol_grids;Anti-Submarine Patrol Grids;;;;;;;;;;;;x;
anti_submarine_patrol_grids_desc;Structured sonar patrol sectors improve anti-submarine search efficiency and reduce submarine freedom of maneuver.;;;;;;;;;;;;x;
sovereign_bond_auctions;Sovereign Bond Auctions;;;;;;;;;;;;x;
sovereign_bond_auctions_desc;Regularized bond auctions improve fiscal predictability and marginally reduce financing friction for public and industrial investment.;;;;;;;;;;;;x;
bond_markets_desc;Public and private bond markets widen long-term credit access and improve capital allocation for states and enterprises.;;;;;;;;;;;;x;
modern_cheque_desc;Modern cheque systems standardize non-cash payments and improve reliability of domestic financial transactions.;;;;;;;;;;;;x;
institutional_economics_desc;Institutional analysis strengthens state capacity to shape markets through rules, oversight and legal enforcement.;;;;;;;;;;;;x;
benchmarking_desc;Comparative performance metrics improve business organization and policy evaluation across sectors.;;;;;;;;;;;;x;
universal_education_desc;Mass expansion of primary and secondary schooling raises literacy, skills and civic integration.;;;;;;;;;;;;x;
international_protocol_desc;Shared diplomatic and legal norms expand international coordination and formalize state conduct.;;;;;;;;;;;;x;
global_fleet_doctrine_desc;Global fleet doctrine integrates dispersed naval groups into coordinated long-range maritime operations.;;;;;;;;;;;;x;
supercarrier_ships_desc;Large carrier-centered capital ships project sustained air and naval power across distant theaters.;;;;;;;;;;;;x;
automated_naval_design_desc;Standardized industrial naval design workflows accelerate warship production and improve reliability.;;;;;;;;;;;;x;
advanced_sonar_integration_desc;Integrated sonar doctrine and equipment improve anti-submarine coordination across fleets.;;;;;;;;;;;;x;
globalized_fleet_command_desc;Unified command procedures and communications improve strategic control of multinational-scale naval operations.;;;;;;;;;;;;x;
nuclear_doctrine_desc;Nuclear-era operational doctrine reshapes planning, force posture and strategic deterrence logic.;;;;;;;;;;;;x;
divisional_armament_desc;Divisional-level armament integration improves combined fire support and operational flexibility.;;;;;;;;;;;;x;
rocket_propelled_artillery_desc;Rocket-propelled artillery expands strike saturation and deep-fire capability beyond conventional guns.;;;;;;;;;;;;x;
advanced_radar_applications_desc;Mature radar applications improve battlefield awareness, interception timing and command response.;;;;;;;;;;;;x;
global_military_tactics_desc;Globalized military methods codify shared operational lessons from modern industrial warfare.;;;;;;;;;;;;x;
nuclear_reactor_desc;Nuclear reactors unlock high-density energy production and support advanced industrial expansion.;;;;;;;;;;;;x;
optimized_assembly_desc;Refined assembly methods reduce bottlenecks and improve consistency in complex industrial chains.;;;;;;;;;;;;x;
advanced_subsurface_mining_desc;Advanced underground extraction methods increase output and safety in deep resource deposits.;;;;;;;;;;;;x;
national_highway_system_desc;A national highway network strengthens overland logistics and economic integration between regions.;;;;;;;;;;;;x;
electronic_circuit_desc;Electronic circuit design enables miniaturization and supports modern communications and control systems.;;;;;;;;;;;;x;
adaptive_battle_networks;Adaptive Battle Networks;;;;;;;;;;;;x;
adaptive_battle_networks_desc;Digitally coordinated command networks improve responsiveness and resilience across modern field operations.;;;;;;;;;;;;x;
integrated_battlefield_systems;Integrated Battlefield Systems;;;;;;;;;;;;x;
integrated_battlefield_systems_desc;Integrated multi-domain command systems synchronize infantry, armor and air support in high-tempo operations.;;;;;;;;;;;;x;
digital_market_coordination;Digital Market Coordination;;;;;;;;;;;;x;
digital_market_coordination_desc;Digital coordination of market data and logistics improves allocation speed and reduces systemic commercial friction.;;;;;;;;;;;;x;
systems_economics;Systems Economics;;;;;;;;;;;;x;
systems_economics_desc;System-level economic analysis strengthens policy design for complex industrial and financial environments.;;;;;;;;;;;;x;
expeditionary_joint_command;Expeditionary Joint Command;;;;;;;;;;;;x;
expeditionary_joint_command_desc;Late-era capstone development for expeditionary joint command with conservative balancing.;;;;;;;;;;;;x;
integrated_theater_logistics;Integrated Theater Logistics;;;;;;;;;;;;x;
integrated_theater_logistics_desc;Late-era capstone development for integrated theater logistics with conservative balancing.;;;;;;;;;;;;x;
selective_fire_modernization;Selective Fire Modernization;;;;;;;;;;;;x;
selective_fire_modernization_desc;Late-era capstone development for selective fire modernization with conservative balancing.;;;;;;;;;;;;x;
modular_infantry_doctrine;Modular Infantry Doctrine;;;;;;;;;;;;x;
modular_infantry_doctrine_desc;Late-era capstone development for modular infantry doctrine with conservative balancing.;;;;;;;;;;;;x;
composite_armor_doctrine;Composite Armor Doctrine;;;;;;;;;;;;x;
composite_armor_doctrine_desc;Late-era capstone development for composite armor doctrine with conservative balancing.;;;;;;;;;;;;x;
hardened_armored_formations;Hardened Armored Formations;;;;;;;;;;;;x;
hardened_armored_formations_desc;Late-era capstone development for hardened armored formations with conservative balancing.;;;;;;;;;;;;x;
battlefield_surveillance_networks;Battlefield Surveillance Networks;;;;;;;;;;;;x;
battlefield_surveillance_networks_desc;Late-era capstone development for battlefield surveillance networks with conservative balancing.;;;;;;;;;;;;x;
strategic_sensor_fusion;Strategic Sensor Fusion;;;;;;;;;;;;x;
strategic_sensor_fusion_desc;Late-era capstone development for strategic sensor fusion with conservative balancing.;;;;;;;;;;;;x;
fleet_replenishment_doctrine;Fleet Replenishment Doctrine;;;;;;;;;;;;x;
fleet_replenishment_doctrine_desc;Late-era capstone development for fleet replenishment doctrine with conservative balancing.;;;;;;;;;;;;x;
integrated_fleet_logistics;Integrated Fleet Logistics;;;;;;;;;;;;x;
integrated_fleet_logistics_desc;Late-era capstone development for integrated fleet logistics with conservative balancing.;;;;;;;;;;;;x;
global_naval_readiness;Global Naval Readiness;;;;;;;;;;;;x;
global_naval_readiness_desc;Late-era capstone development for global naval readiness with conservative balancing.;;;;;;;;;;;;x;
carrier_task_force_screening;Carrier Task Force Screening;;;;;;;;;;;;x;
carrier_task_force_screening_desc;Late-era capstone development for carrier task force screening with conservative balancing.;;;;;;;;;;;;x;
carrier_group_air_coordination;Carrier Group Air Coordination;;;;;;;;;;;;x;
carrier_group_air_coordination_desc;Late-era capstone development for carrier group air coordination with conservative balancing.;;;;;;;;;;;;x;
carrier_battle_group_operations;Carrier Battle Group Operations;;;;;;;;;;;;x;
carrier_battle_group_operations_desc;Late-era capstone development for carrier battle group operations with conservative balancing.;;;;;;;;;;;;x;
modular_shipyard_layouts;Modular Shipyard Layouts;;;;;;;;;;;;x;
modular_shipyard_layouts_desc;Late-era capstone development for modular shipyard layouts with conservative balancing.;;;;;;;;;;;;x;
automated_damage_control;Automated Damage Control;;;;;;;;;;;;x;
automated_damage_control_desc;Late-era capstone development for automated damage control with conservative balancing.;;;;;;;;;;;;x;
resilient_naval_systems;Resilient Naval Systems;;;;;;;;;;;;x;
resilient_naval_systems_desc;Late-era capstone development for resilient naval systems with conservative balancing.;;;;;;;;;;;;x;
convoy_hunter_killer_groups;Convoy Hunter Killer Groups;;;;;;;;;;;;x;
convoy_hunter_killer_groups_desc;Late-era capstone development for convoy hunter killer groups with conservative balancing.;;;;;;;;;;;;x;
long_range_asw_coordination;Long Range Asw Coordination;;;;;;;;;;;;x;
long_range_asw_coordination_desc;Late-era capstone development for long range asw coordination with conservative balancing.;;;;;;;;;;;;x;
oceanic_asw_networks;Oceanic Asw Networks;;;;;;;;;;;;x;
oceanic_asw_networks_desc;Late-era capstone development for oceanic asw networks with conservative balancing.;;;;;;;;;;;;x;
transnational_banking_standards;Transnational Banking Standards;;;;;;;;;;;;x;
transnational_banking_standards_desc;Late-era capstone development for transnational banking standards with conservative balancing.;;;;;;;;;;;;x;
sovereign_liquidity_backstops;Sovereign Liquidity Backstops;;;;;;;;;;;;x;
sovereign_liquidity_backstops_desc;Late-era capstone development for sovereign liquidity backstops with conservative balancing.;;;;;;;;;;;;x;
automated_clearing_houses;Automated Clearing Houses;;;;;;;;;;;;x;
automated_clearing_houses_desc;Late-era capstone development for automated clearing houses with conservative balancing.;;;;;;;;;;;;x;
national_payment_resilience;National Payment Resilience;;;;;;;;;;;;x;
national_payment_resilience_desc;Late-era capstone development for national payment resilience with conservative balancing.;;;;;;;;;;;;x;
macro_stabilization_frameworks;Macro Stabilization Frameworks;;;;;;;;;;;;x;
macro_stabilization_frameworks_desc;Late-era capstone development for macro stabilization frameworks with conservative balancing.;;;;;;;;;;;;x;
institutional_macro_coordination;Institutional Macro Coordination;;;;;;;;;;;;x;
institutional_macro_coordination_desc;Late-era capstone development for institutional macro coordination with conservative balancing.;;;;;;;;;;;;x;
national_competition_policy;National Competition Policy;;;;;;;;;;;;x;
national_competition_policy_desc;Late-era capstone development for national competition policy with conservative balancing.;;;;;;;;;;;;x;
competitive_market_governance;Competitive Market Governance;;;;;;;;;;;;x;
competitive_market_governance_desc;Late-era capstone development for competitive market governance with conservative balancing.;;;;;;;;;;;;x;
documentary_realism;Documentary Realism;;;;;;;;;;;;x;
documentary_realism_desc;Late-era capstone development for documentary realism with conservative balancing.;;;;;;;;;;;;x;
new_wave_realism;New Wave Realism;;;;;;;;;;;;x;
new_wave_realism_desc;Late-era capstone development for new wave realism with conservative balancing.;;;;;;;;;;;;x;
civic_media_institutions;Civic Media Institutions;;;;;;;;;;;;x;
civic_media_institutions_desc;Late-era capstone development for civic media institutions with conservative balancing.;;;;;;;;;;;;x;
applied_epistemology;Applied Epistemology;;;;;;;;;;;;x;
applied_epistemology_desc;Late-era capstone development for applied epistemology with conservative balancing.;;;;;;;;;;;;x;
systems_philosophy;Systems Philosophy;;;;;;;;;;;;x;
systems_philosophy_desc;Late-era capstone development for systems philosophy with conservative balancing.;;;;;;;;;;;;x;
pragmatic_systems_theory;Pragmatic Systems Theory;;;;;;;;;;;;x;
pragmatic_systems_theory_desc;Late-era capstone development for pragmatic systems theory with conservative balancing.;;;;;;;;;;;;x;
public_school_networks;Public School Networks;;;;;;;;;;;;x;
public_school_networks_desc;Late-era capstone development for public school networks with conservative balancing.;;;;;;;;;;;;x;
comparative_education_systems;Comparative Education Systems;;;;;;;;;;;;x;
comparative_education_systems_desc;Late-era capstone development for comparative education systems with conservative balancing.;;;;;;;;;;;;x;
universal_civic_schooling;Universal Civic Schooling;;;;;;;;;;;;x;
universal_civic_schooling_desc;Late-era capstone development for universal civic schooling with conservative balancing.;;;;;;;;;;;;x;
multilateral_diplomatic_forums;Multilateral Diplomatic Forums;;;;;;;;;;;;x;
multilateral_diplomatic_forums_desc;Late-era capstone development for multilateral diplomatic forums with conservative balancing.;;;;;;;;;;;;x;
treaty_institutionalism;Treaty Institutionalism;;;;;;;;;;;;x;
treaty_institutionalism_desc;Late-era capstone development for treaty institutionalism with conservative balancing.;;;;;;;;;;;;x;
rules_based_diplomatic_order;Rules Based Diplomatic Order;;;;;;;;;;;;x;
rules_based_diplomatic_order_desc;Late-era capstone development for rules based diplomatic order with conservative balancing.;;;;;;;;;;;;x;
civilian_nuclear_grid;Civilian Nuclear Grid;;;;;;;;;;;;x;
civilian_nuclear_grid_desc;Late-era capstone development for civilian nuclear grid with conservative balancing.;;;;;;;;;;;;x;
grid_interconnection_standards;Grid Interconnection Standards;;;;;;;;;;;;x;
grid_interconnection_standards_desc;Late-era capstone development for grid interconnection standards with conservative balancing.;;;;;;;;;;;;x;
resilient_baseload_planning;Resilient Baseload Planning;;;;;;;;;;;;x;
resilient_baseload_planning_desc;Late-era capstone development for resilient baseload planning with conservative balancing.;;;;;;;;;;;;x;
precision_tooling;Precision Tooling;;;;;;;;;;;;x;
precision_tooling_desc;Late-era capstone development for precision tooling with conservative balancing.;;;;;;;;;;;;x;
numerically_controlled_machining;Numerically Controlled Machining;;;;;;;;;;;;x;
numerically_controlled_machining_desc;Late-era capstone development for numerically controlled machining with conservative balancing.;;;;;;;;;;;;x;
adaptive_precision_manufacturing;Adaptive Precision Manufacturing;;;;;;;;;;;;x;
adaptive_precision_manufacturing_desc;Late-era capstone development for adaptive precision manufacturing with conservative balancing.;;;;;;;;;;;;x;
geophysical_prospecting;Geophysical Prospecting;;;;;;;;;;;;x;
geophysical_prospecting_desc;Late-era capstone development for geophysical prospecting with conservative balancing.;;;;;;;;;;;;x;
high_temperature_alloys;High Temperature Alloys;;;;;;;;;;;;x;
high_temperature_alloys_desc;Late-era capstone development for high temperature alloys with conservative balancing.;;;;;;;;;;;;x;
strategic_materials_engineering;Strategic Materials Engineering;;;;;;;;;;;;x;
strategic_materials_engineering_desc;Late-era capstone development for strategic materials engineering with conservative balancing.;;;;;;;;;;;;x;
arterial_logistics_planning;Arterial Logistics Planning;;;;;;;;;;;;x;
arterial_logistics_planning_desc;Late-era capstone development for arterial logistics planning with conservative balancing.;;;;;;;;;;;;x;
containerized_freight_networks;Containerized Freight Networks;;;;;;;;;;;;x;
containerized_freight_networks_desc;Late-era capstone development for containerized freight networks with conservative balancing.;;;;;;;;;;;;x;
integrated_freight_corridors;Integrated Freight Corridors;;;;;;;;;;;;x;
integrated_freight_corridors_desc;Late-era capstone development for integrated freight corridors with conservative balancing.;;;;;;;;;;;;x;
